[{"model": "admin.logentry", "pk": 1, "fields": {"action_time": "2025-12-18T14:10:59.867Z", "user": 1, "content_type": 8, "object_id": "1", "object_repr": "Civic and Culture", "action_flag": 1, "change_message": "[{\"added\": {}}]"}}, {"model": "admin.logentry", "pk": 2, "fields": {"action_time": "2025-12-18T14:13:15.970Z", "user": 1, "content_type": 10, "object_id": "1", "object_repr": "Arc. E. Otchere-Darko", "action_flag": 1, "change_message": "[{\"added\": {}}]"}}, {"model": "admin.logentry", "pk": 3, "fields": {"action_time": "2025-12-18T14:13:39.518Z", "user": 1, "content_type": 10, "object_id": "2", "object_repr": "Ing. Yeboah Ntumi", "action_flag": 1, "change_message": "[{\"added\": {}}]"}}, {"model": "admin.logentry", "pk": 4, "fields": {"action_time": "2025-12-18T14:13:45.779Z", "user": 1, "content_type": 10, "object_id": "3", "object_repr": "Ing. Mike Eghan", "action_flag": 1, "change_message": "[{\"added\": {}}]"}}, {"model": "admin.logentry", "pk": 5, "fields": {"action_time": "2025-12-18T14:33:21.157Z", "user": 1, "content_type": 7, "object_id": "1", "object_repr": "Regional Police Command Administration Block", "action_flag": 1, "change_message": "[{\"added\": {}}, {\"added\": {\"name\": \"project image\", \"object\": \"Regional Police Command Administration Block - project\"}}, {\"added\": {\"name\": \"project image\", \"object\": \"Regional Police Command Administration Block - project\"}}, {\"added\": {\"name\": \"project image\", \"object\": \"Regional Police Command Administration Block - project\"}}, {\"added\": {\"name\": \"project image\", \"object\": \"Regional Police Command Administration Block - project\"}}, {\"added\": {\"name\": \"project image\", \"object\": \"Regional Police Command Administration Block - project\"}}, {\"added\": {\"name\": \"project image\", \"object\": \"Regional Police Command Administration Block - project\"}}, {\"added\": {\"name\": \"project image\", \"object\": \"Regional Police Command Administration Block - project\"}}, {\"added\": {\"name\": \"project image\", \"object\": \"Regional Police Command Administration Block - project\"}}, {\"added\": {\"name\": \"project image\", \"object\": \"Regional Police Command Administration Block - project\"}}, {\"added\": {\"name\": \"project image\", \"object\": \"Regional Police Command Administration Block - construction\"}}, {\"added\": {\"name\": \"project image\", \"object\": \"Regional Police Command Administration Block - construction\"}}, {\"added\": {\"name\": \"project image\", \"object\": \"Regional Police Command Administration Block - construction\"}}, {\"added\": {\"name\": \"project image\", \"object\": \"Regional Police Command Administration Block - construction\"}}, {\"added\": {\"name\": \"project image\", \"object\": \"Regional Police Command Administration Block - construction\"}}, {\"added\": {\"name\": \"project image\", \"object\": \"Regional Police Command Administration Block - construction\"}}, {\"added\": {\"name\": \"project image\", \"object\": \"Regional Police Command Administration Block - construction\"}}, {\"added\": {\"name\": \"project image\", \"object\": \"Regional Police Command Administration Block - construction\"}}, {\"added\": {\"name\": \"project image\", \"object\": \"Regional Police Command Administration Block - construction\"}}, {\"added\": {\"name\": \"project image\", \"object\": \"Regional Police Command Administration Block - construction\"}}, {\"added\": {\"name\": \"project image\", \"object\": \"Regional Police Command Administration Block - construction\"}}, {\"added\": {\"name\": \"project image\", \"object\": \"Regional Police Command Administration Block - construction\"}}, {\"added\": {\"name\": \"project image\", \"object\": \"Regional Police Command Administration Block - construction\"}}, {\"added\": {\"name\": \"project image\", \"object\": \"Regional Police Command Administration Block - construction\"}}, {\"added\": {\"name\": \"project image\", \"object\": \"Regional Police Command Administration Block - construction\"}}, {\"added\": {\"name\": \"project image\", \"object\": \"Regional Police Command Administration Block - construction\"}}]"}}, {"model": "admin.logentry", "pk": 6, "fields": {"action_time": "2025-12-18T14:46:29.742Z", "user": 1, "content_type": 7, "object_id": "1", "object_repr": "Regional Police Command Administration Block", "action_flag": 2, "change_message": "[]"}}, {"model": "admin.logentry", "pk": 7, "fields": {"action_time": "2025-12-18T14:50:24.040Z", "user": 1, "content_type": 7, "object_id": "1", "object_repr": "Regional Police Command Administration Block", "action_flag": 2, "change_message": "[{\"changed\": {\"fields\": [\"Location\"]}}]"}}, {"model": "admin.logentry", "pk": 8, "fields": {"action_time": "2025-12-18T14:51:53.684Z", "user": 1, "content_type": 7, "object_id": "1", "object_repr": "Regional Police Command Administration Block", "action_flag": 2, "change_message": "[{\"changed\": {\"fields\": [\"Picture\"]}}]"}}, {"model": "admin.logentry", "pk": 9, "fields": {"action_time": "2025-12-18T15:03:10.213Z", "user": 1, "content_type": 7, "object_id": "1", "object_repr": "Regional Police Command Administration Block", "action_flag": 2, "change_message": "[]"}}, {"model": "admin.logentry", "pk": 10, "fields": {"action_time": "2025-12-18T15:06:47.957Z", "user": 1, "content_type": 7, "object_id": "1", "object_repr": "Regional Police Command Administration Block", "action_flag": 2, "change_message": "[{\"changed\": {\"fields\": [\"Picture\"]}}]"}}, {"model": "admin.logentry", "pk": 11, "fields": {"action_time": "2025-12-19T13:20:03.521Z", "user": 1, "content_type": 7, "object_id": "1", "object_repr": "Regional Police Command Administration Block", "action_flag": 2, "change_message": "[{\"changed\": {\"fields\": [\"Certificate\"]}}]"}}, {"model": "admin.logentry", "pk": 12, "fields": {"action_time": "2025-12-19T15:11:54.449Z", "user": 1, "content_type": 11, "object_id": "1", "object_repr": "2008 - Golden Award for Stars", "action_flag": 1, "change_message": "[{\"added\": {}}]"}}, {"model": "admin.logentry", "pk": 13, "fields": {"action_time": "2025-12-19T15:13:01.840Z", "user": 1, "content_type": 11, "object_id": "2", "object_repr": "2024 - Centenary Award Africa Architecture Awards", "action_flag": 1, "change_message": "[{\"added\": {}}]"}}, {"model": "admin.logentry", "pk": 14, "fields": {"action_time": "2025-12-19T15:13:53.851Z", "user": 1, "content_type": 11, "object_id": "3", "object_repr": "2018 - Engineering and Construction Awards KDA Design Technologies", "action_flag": 1, "change_message": "[{\"added\": {}}]"}}, {"model": "admin.logentry", "pk": 15, "fields": {"action_time": "2025-12-19T15:25:44.696Z", "user": 1, "content_type": 12, "object_id": "1", "object_repr": "Arc. E. Otchere-Darko", "action_flag": 1, "change_message": "[{\"added\": {}}]"}}, {"model": "admin.logentry", "pk": 16, "fields": {"action_time": "2025-12-19T15:26:01.422Z", "user": 1, "content_type": 12, "object_id": "2", "object_repr": "Ing. Yeboah Ntumi", "action_flag": 1, "change_message": "[{\"added\": {}}]"}}, {"model": "admin.logentry", "pk": 17, "fields": {"action_time": "2025-12-19T15:26:08.564Z", "user": 1, "content_type": 12, "object_id": "3", "object_repr": "Ing. Mike Eghan", "action_flag": 1, "change_message": "[{\"added\": {}}]"}}, {"model": "admin.logentry", "pk": 18, "fields": {"action_time": "2025-12-19T15:26:17.742Z", "user": 1, "content_type": 12, "object_id": "4", "object_repr": "Mike Addo", "action_flag": 1, "change_message": "[{\"added\": {}}]"}}, {"model": "admin.logentry", "pk": 19, "fields": {"action_time": "2025-12-19T15:26:24.010Z", "user": 1, "content_type": 12, "object_id": "5", "object_repr": "Surv. Eric A. Atindoo", "action_flag": 1, "change_message": "[{\"added\": {}}]"}}, {"model": "admin.logentry", "pk": 20, "fields": {"action_time": "2025-12-19T15:26:33.387Z", "user": 1, "content_type": 12, "object_id": "6", "object_repr": "Surv. Joseph Appoh", "action_flag": 1, "change_message": "[{\"added\": {}}]"}}, {"model": "admin.logentry", "pk": 21, "fields": {"action_time": "2025-12-19T15:26:32.929Z", "user": 1, "content_type": 12, "object_id": "6", "object_repr": "Surv. Joseph Appoh", "action_flag": 2, "change_message": "[]"}}, {"model": "admin.logentry", "pk": 22, "fields": {"action_time": "2025-12-19T15:26:59.339Z", "user": 1, "content_type": 7, "object_id": "1", "object_repr": "Regional Police Command Administration Block", "action_flag": 2, "change_message": "[{\"changed\": {\"fields\": [\"Other team members\"]}}]"}}, {"model": "admin.logentry", "pk": 23, "fields": {"action_time": "2025-12-20T13:50:36.797Z", "user": 1, "content_type": 13, "object_id": "1", "object_repr": "General Contractor", "action_flag": 1, "change_message": "[{\"added\": {}}]"}}, {"model": "admin.logentry", "pk": 24, "fields": {"action_time": "2025-12-20T13:50:49.369Z", "user": 1, "content_type": 13, "object_id": "2", "object_repr": "Electrical Contractors", "action_flag": 1, "change_message": "[{\"added\": {}}]"}}, {"model": "admin.logentry", "pk": 25, "fields": {"action_time": "2025-12-20T13:50:55.262Z", "user": 1, "content_type": 13, "object_id": "3", "object_repr": "Mechanical Contractors", "action_flag": 1, "change_message": "[{\"added\": {}}]"}}, {"model": "admin.logentry", "pk": 26, "fields": {"action_time": "2025-12-20T13:51:03.180Z", "user": 1, "content_type": 13, "object_id": "4", "object_repr": "Plumbing Contractors", "action_flag": 1, "change_message": "[{\"added\": {}}]"}}, {"model": "admin.logentry", "pk": 27, "fields": {"action_time": "2025-12-20T13:51:11.242Z", "user": 1, "content_type": 13, "object_id": "5", "object_repr": "Facade Contractors", "action_flag": 1, "change_message": "[{\"added\": {}}]"}}, {"model": "admin.logentry", "pk": 28, "fields": {"action_time": "2025-12-20T13:51:34.967Z", "user": 1, "content_type": 14, "object_id": "1", "object_repr": "General Contractor - Kuku", "action_flag": 1, "change_message": "[{\"added\": {}}]"}}, {"model": "admin.logentry", "pk": 29, "fields": {"action_time": "2025-12-20T13:51:45.214Z", "user": 1, "content_type": 14, "object_id": "2", "object_repr": "Electrical Contractors - Ohemaa", "action_flag": 1, "change_message": "[{\"added\": {}}]"}}, {"model": "admin.logentry", "pk": 30, "fields": {"action_time": "2025-12-20T13:51:59.729Z", "user": 1, "content_type": 14, "object_id": "3", "object_repr": "Plumbing Contractors - J&K", "action_flag": 1, "change_message": "[{\"added\": {}}]"}}, {"model": "admin.logentry", "pk": 31, "fields": {"action_time": "2025-12-20T13:52:11.172Z", "user": 1, "content_type": 14, "object_id": "4", "object_repr": "Facade Contractors - WERT", "action_flag": 1, "change_message": "[{\"added\": {}}]"}}, {"model": "admin.logentry", "pk": 32, "fields": {"action_time": "2025-12-27T16:26:19.993Z", "user": 1, "content_type": 15, "object_id": "1", "object_repr": "Heads of Departments", "action_flag": 1, "change_message": "[{\"added\": {}}]"}}, {"model": "admin.logentry", "pk": 33, "fields": {"action_time": "2025-12-27T16:26:32.432Z", "user": 1, "content_type": 15, "object_id": "2", "object_repr": "Regional Consultants", "action_flag": 1, "change_message": "[{\"added\": {}}]"}}, {"model": "admin.logentry", "pk": 34, "fields": {"action_time": "2025-12-27T16:29:08.456Z", "user": 1, "content_type": 17, "object_id": "1", "object_repr": "Heads of Departments - Architecture and Planning", "action_flag": 1, "change_message": "[{\"added\": {}}, {\"added\": {\"name\": \"staff\", \"object\": \"Arc. Basil Akushey\"}}]"}}, {"model": "admin.logentry", "pk": 35, "fields": {"action_time": "2025-12-27T16:30:40.517Z", "user": 1, "content_type": 17, "object_id": "2", "object_repr": "Heads of Departments - Architecture and Planning", "action_flag": 1, "change_message": "[{\"added\": {}}, {\"added\": {\"name\": \"staff\", \"object\": \"Surv. Sylvester Akuoko\"}}]"}}, {"model": "admin.logentry", "pk": 36, "fields": {"action_time": "2025-12-27T16:31:46.015Z", "user": 1, "content_type": 17, "object_id": "3", "object_repr": "Heads of Departments - Architecture and Planning", "action_flag": 1, "change_message": "[{\"added\": {}}, {\"added\": {\"name\": \"staff\", \"object\": \"Surv. Patrick Fiajoe\"}}]"}}, {"model": "admin.logentry", "pk": 37, "fields": {"action_time": "2025-12-27T16:33:11.449Z", "user": 1, "content_type": 17, "object_id": "4", "object_repr": "Heads of Departments - Architecture and Planning", "action_flag": 1, "change_message": "[{\"added\": {}}, {\"added\": {\"name\": \"staff\", \"object\": \"Surv. Evans Boateng\"}}]"}}, {"model": "admin.logentry", "pk": 38, "fields": {"action_time": "2025-12-27T16:34:34.025Z", "user": 1, "content_type": 17, "object_id": "5", "object_repr": "Heads of Departments - Engineering", "action_flag": 1, "change_message": "[{\"added\": {}}, {\"added\": {\"name\": \"staff\", \"object\": \"Ing. Gloria Kunutsor\"}}]"}}, {"model": "admin.logentry", "pk": 39, "fields": {"action_time": "2025-12-27T16:35:31.084Z", "user": 1, "content_type": 17, "object_id": "6", "object_repr": "Heads of Departments - Engineering", "action_flag": 1, "change_message": "[{\"added\": {}}, {\"added\": {\"name\": \"staff\", \"object\": \"Ing. Michael Addo\"}}]"}}, {"model": "admin.logentry", "pk": 40, "fields": {"action_time": "2025-12-27T16:36:27.843Z", "user": 1, "content_type": 17, "object_id": "7", "object_repr": "Heads of Departments - Engineering", "action_flag": 1, "change_message": "[{\"added\": {}}, {\"added\": {\"name\": \"staff\", \"object\": \"Ing. Ebenezer Buertet Mac-Tetteh\"}}]"}}, {"model": "admin.logentry", "pk": 41, "fields": {"action_time": "2025-12-27T16:37:21.604Z", "user": 1, "content_type": 17, "object_id": "8", "object_repr": "Heads of Departments - Engineering", "action_flag": 1, "change_message": "[{\"added\": {}}, {\"added\": {\"name\": \"staff\", \"object\": \"Ing. Joseph Kwasi Oddei\"}}]"}}, {"model": "admin.logentry", "pk": 42, "fields": {"action_time": "2025-12-27T16:39:13.199Z", "user": 1, "content_type": 17, "object_id": "9", "object_repr": "Heads of Departments - Administrative", "action_flag": 1, "change_message": "[{\"added\": {}}, {\"added\": {\"name\": \"staff\", \"object\": \"Ibrahim Jibril\"}}]"}}, {"model": "admin.logentry", "pk": 43, "fields": {"action_time": "2025-12-27T16:40:40.820Z", "user": 1, "content_type": 17, "object_id": "10", "object_repr": "Heads of Departments - Administrative", "action_flag": 1, "change_message": "[{\"added\": {}}, {\"added\": {\"name\": \"staff\", \"object\": \"Harriet Bediako\"}}]"}}, {"model": "admin.logentry", "pk": 44, "fields": {"action_time": "2025-12-27T16:41:39.962Z", "user": 1, "content_type": 17, "object_id": "11", "object_repr": "Heads of Departments - Administrative", "action_flag": 1, "change_message": "[{\"added\": {}}, {\"added\": {\"name\": \"staff\", \"object\": \"Arc. E. Otchere-Darko\"}}]"}}, {"model": "admin.logentry", "pk": 45, "fields": {"action_time": "2025-12-27T16:42:38.000Z", "user": 1, "content_type": 17, "object_id": "12", "object_repr": "Heads of Departments - Administrative", "action_flag": 1, "change_message": "[{\"added\": {}}, {\"added\": {\"name\": \"staff\", \"object\": \"Emmanuel Okoh Larbi\"}}]"}}, {"model": "admin.logentry", "pk": 46, "fields": {"action_time": "2025-12-27T16:45:15.576Z", "user": 1, "content_type": 17, "object_id": "13", "object_repr": "Regional Consultants - Regional Dept.", "action_flag": 1, "change_message": "[{\"added\": {}}, {\"added\": {\"name\": \"staff\", \"object\": \"Ing. Frederick Owusu-Addo\"}}]"}}, {"model": "admin.logentry", "pk": 47, "fields": {"action_time": "2025-12-27T16:48:39.198Z", "user": 1, "content_type": 17, "object_id": "13", "object_repr": "Regional Consultants - Regional Dept.", "action_flag": 2, "change_message": "[{\"changed\": {\"name\": \"staff\", \"object\": \"Ing. Frederick Owusu-Addo\", \"fields\": [\"Grade\", \"Region\"]}}]"}}, {"model": "admin.logentry", "pk": 48, "fields": {"action_time": "2025-12-27T16:50:00.181Z", "user": 1, "content_type": 17, "object_id": "14", "object_repr": "Regional Consultants - Regional Dept.", "action_flag": 1, "change_message": "[{\"added\": {}}, {\"added\": {\"name\": \"staff\", \"object\": \"Arc. Betsy Owusu-Antwi (Mrs.)\"}}]"}}, {"model": "admin.logentry", "pk": 49, "fields": {"action_time": "2025-12-27T16:50:52.857Z", "user": 1, "content_type": 17, "object_id": "15", "object_repr": "Regional Consultants - Regional Dept.", "action_flag": 1, "change_message": "[{\"added\": {}}, {\"added\": {\"name\": \"staff\", \"object\": \"Surv. Eric Annan\"}}]"}}, {"model": "admin.logentry", "pk": 50, "fields": {"action_time": "2025-12-27T16:51:41.339Z", "user": 1, "content_type": 17, "object_id": "16", "object_repr": "Regional Consultants - Regional Dept.", "action_flag": 1, "change_message": "[{\"added\": {}}, {\"added\": {\"name\": \"staff\", \"object\": \"Arc. Amen Gbekor-Kove Jnr.\"}}]"}}, {"model": "admin.logentry", "pk": 51, "fields": {"action_time": "2025-12-27T16:53:10.080Z", "user": 1, "content_type": 17, "object_id": "17", "object_repr": "Regional Consultants - Regional Dept.", "action_flag": 1, "change_message": "[{\"added\": {}}, {\"added\": {\"name\": \"staff\", \"object\": \"Surv. Kwasi Gyebi-Ababio\"}}]"}}, {"model": "admin.logentry", "pk": 52, "fields": {"action_time": "2025-12-27T16:54:06.647Z", "user": 1, "content_type": 17, "object_id": "18", "object_repr": "Regional Consultants - Regional Dept.", "action_flag": 1, "change_message": "[{\"added\": {}}, {\"added\": {\"name\": \"staff\", \"object\": \"Arc. Nana Kwame Amoateng-Mensah\"}}]"}}, {"model": "admin.logentry", "pk": 53, "fields": {"action_time": "2025-12-27T16:55:51.103Z", "user": 1, "content_type": 17, "object_id": "19", "object_repr": "Regional Consultants - Regional Dept.", "action_flag": 1, "change_message": "[{\"added\": {}}, {\"added\": {\"name\": \"staff\", \"object\": \"Surv. Fidelis Apore\"}}]"}}, {"model": "admin.logentry", "pk": 54, "fields": {"action_time": "2025-12-27T16:56:42.263Z", "user": 1, "content_type": 17, "object_id": "20", "object_repr": "Regional Consultants - Regional Dept.", "action_flag": 1, "change_message": "[{\"added\": {}}, {\"added\": {\"name\": \"staff\", \"object\": \"Arc. Salifu Abdul-Gafaru Abdulai\"}}]"}}, {"model": "admin.logentry", "pk": 55, "fields": {"action_time": "2025-12-27T16:57:41.303Z", "user": 1, "content_type": 17, "object_id": "21", "object_repr": "Regional Consultants - Regional Dept.", "action_flag": 1, "change_message": "[{\"added\": {}}, {\"added\": {\"name\": \"staff\", \"object\": \"Surv. Isaac Agyei-Mensah\"}}]"}}, {"model": "admin.logentry", "pk": 56, "fields": {"action_time": "2025-12-27T17:33:46.917Z", "user": 1, "content_type": 17, "object_id": "21", "object_repr": "Regional Consultants - Regional Dept.", "action_flag": 3, "change_message": ""}}, {"model": "admin.logentry", "pk": 57, "fields": {"action_time": "2025-12-27T17:33:46.917Z", "user": 1, "content_type": 17, "object_id": "20", "object_repr": "Regional Consultants - Regional Dept.", "action_flag": 3, "change_message": ""}}, {"model": "admin.logentry", "pk": 58, "fields": {"action_time": "2025-12-27T17:33:46.917Z", "user": 1, "content_type": 17, "object_id": "19", "object_repr": "Regional Consultants - Regional Dept.", "action_flag": 3, "change_message": ""}}, {"model": "admin.logentry", "pk": 59, "fields": {"action_time": "2025-12-27T17:33:46.917Z", "user": 1, "content_type": 17, "object_id": "18", "object_repr": "Regional Consultants - Regional Dept.", "action_flag": 3, "change_message": ""}}, {"model": "admin.logentry", "pk": 60, "fields": {"action_time": "2025-12-27T17:33:46.917Z", "user": 1, "content_type": 17, "object_id": "17", "object_repr": "Regional Consultants - Regional Dept.", "action_flag": 3, "change_message": ""}}, {"model": "admin.logentry", "pk": 61, "fields": {"action_time": "2025-12-27T17:33:46.918Z", "user": 1, "content_type": 17, "object_id": "16", "object_repr": "Regional Consultants - Regional Dept.", "action_flag": 3, "change_message": ""}}, {"model": "admin.logentry", "pk": 62, "fields": {"action_time": "2025-12-27T17:33:46.918Z", "user": 1, "content_type": 17, "object_id": "15", "object_repr": "Regional Consultants - Regional Dept.", "action_flag": 3, "change_message": ""}}, {"model": "admin.logentry", "pk": 63, "fields": {"action_time": "2025-12-27T17:33:46.918Z", "user": 1, "content_type": 17, "object_id": "14", "object_repr": "Regional Consultants - Regional Dept.", "action_flag": 3, "change_message": ""}}, {"model": "admin.logentry", "pk": 64, "fields": {"action_time": "2025-12-27T17:33:46.918Z", "user": 1, "content_type": 17, "object_id": "12", "object_repr": "Heads of Departments - Administrative", "action_flag": 3, "change_message": ""}}, {"model": "admin.logentry", "pk": 65, "fields": {"action_time": "2025-12-27T17:33:46.918Z", "user": 1, "content_type": 17, "object_id": "11", "object_repr": "Heads of Departments - Administrative", "action_flag": 3, "change_message": ""}}, {"model": "admin.logentry", "pk": 66, "fields": {"action_time": "2025-12-27T17:33:46.918Z", "user": 1, "content_type": 17, "object_id": "10", "object_repr": "Heads of Departments - Administrative", "action_flag": 3, "change_message": ""}}, {"model": "admin.logentry", "pk": 67, "fields": {"action_time": "2025-12-27T17:33:46.918Z", "user": 1, "content_type": 17, "object_id": "8", "object_repr": "Heads of Departments - Engineering", "action_flag": 3, "change_message": ""}}, {"model": "admin.logentry", "pk": 68, "fields": {"action_time": "2025-12-27T17:33:46.918Z", "user": 1, "content_type": 17, "object_id": "7", "object_repr": "Heads of Departments - Engineering", "action_flag": 3, "change_message": ""}}, {"model": "admin.logentry", "pk": 69, "fields": {"action_time": "2025-12-27T17:33:46.918Z", "user": 1, "content_type": 17, "object_id": "6", "object_repr": "Heads of Departments - Engineering", "action_flag": 3, "change_message": ""}}, {"model": "admin.logentry", "pk": 70, "fields": {"action_time": "2025-12-27T17:33:46.918Z", "user": 1, "content_type": 17, "object_id": "4", "object_repr": "Heads of Departments - Architecture and Planning", "action_flag": 3, "change_message": ""}}, {"model": "admin.logentry", "pk": 71, "fields": {"action_time": "2025-12-27T17:33:46.918Z", "user": 1, "content_type": 17, "object_id": "3", "object_repr": "Heads of Departments - Architecture and Planning", "action_flag": 3, "change_message": ""}}, {"model": "admin.logentry", "pk": 72, "fields": {"action_time": "2025-12-27T17:33:46.918Z", "user": 1, "content_type": 17, "object_id": "2", "object_repr": "Heads of Departments - Architecture and Planning", "action_flag": 3, "change_message": ""}}, {"model": "admin.logentry", "pk": 73, "fields": {"action_time": "2025-12-27T17:36:28.880Z", "user": 1, "content_type": 17, "object_id": "13", "object_repr": "Regional Consultants - Regional Dept.", "action_flag": 2, "change_message": "[{\"added\": {\"name\": \"staff\", \"object\": \"Arc. Betsy Owusu-Antwi (Mrs.)\"}}]"}}, {"model": "admin.logentry", "pk": 74, "fields": {"action_time": "2025-12-27T17:43:51.277Z", "user": 1, "content_type": 16, "object_id": "23", "object_repr": "Surv. Eric Annan", "action_flag": 1, "change_message": "[{\"added\": {}}]"}}, {"model": "admin.logentry", "pk": 75, "fields": {"action_time": "2025-12-27T17:46:44.270Z", "user": 1, "content_type": 16, "object_id": "23", "object_repr": "Surv. Eric Annan", "action_flag": 2, "change_message": "[]"}}, {"model": "admin.logentry", "pk": 76, "fields": {"action_time": "2025-12-27T17:48:40.557Z", "user": 1, "content_type": 16, "object_id": "23", "object_repr": "Surv. Eric Annan", "action_flag": 2, "change_message": "[{\"changed\": {\"fields\": [\"Grade\", \"Region\"]}}]"}}, {"model": "admin.logentry", "pk": 77, "fields": {"action_time": "2025-12-27T17:48:58.592Z", "user": 1, "content_type": 16, "object_id": "22", "object_repr": "Arc. Betsy Owusu-Antwi (Mrs.)", "action_flag": 2, "change_message": "[{\"changed\": {\"fields\": [\"Grade\"]}}]"}}, {"model": "admin.logentry", "pk": 78, "fields": {"action_time": "2025-12-27T17:49:16.988Z", "user": 1, "content_type": 16, "object_id": "13", "object_repr": "Ing. Frederick Owusu-Addo", "action_flag": 2, "change_message": "[{\"changed\": {\"fields\": [\"Grade\"]}}]"}}, {"model": "admin.logentry", "pk": 79, "fields": {"action_time": "2025-12-27T17:56:02.319Z", "user": 1, "content_type": 16, "object_id": "24", "object_repr": "Surv. Simon Sabakpo", "action_flag": 1, "change_message": "[{\"added\": {}}]"}}, {"model": "admin.logentry", "pk": 80, "fields": {"action_time": "2025-12-27T17:57:50.261Z", "user": 1, "content_type": 16, "object_id": "25", "object_repr": "Arc. Amen Gbekor-Kove Jnr.", "action_flag": 1, "change_message": "[{\"added\": {}}]"}}, {"model": "admin.logentry", "pk": 81, "fields": {"action_time": "2025-12-27T17:59:57.555Z", "user": 1, "content_type": 16, "object_id": "26", "object_repr": "Surv. Kwasi Gyebi-Ababio", "action_flag": 1, "change_message": "[{\"added\": {}}]"}}, {"model": "admin.logentry", "pk": 82, "fields": {"action_time": "2025-12-27T18:00:54.086Z", "user": 1, "content_type": 16, "object_id": "27", "object_repr": "Arc. Nana Kwame Amoateng-Mensah", "action_flag": 1, "change_message": "[{\"added\": {}}]"}}, {"model": "admin.logentry", "pk": 83, "fields": {"action_time": "2025-12-27T18:01:54.291Z", "user": 1, "content_type": 16, "object_id": "28", "object_repr": "Surv. Fidelis Apore", "action_flag": 1, "change_message": "[{\"added\": {}}]"}}, {"model": "admin.logentry", "pk": 84, "fields": {"action_time": "2025-12-27T18:03:03.448Z", "user": 1, "content_type": 16, "object_id": "29", "object_repr": "Arc. Salifu Abdul-Gafaru Abdulai", "action_flag": 1, "change_message": "[{\"added\": {}}]"}}, {"model": "admin.logentry", "pk": 85, "fields": {"action_time": "2025-12-27T18:04:05.570Z", "user": 1, "content_type": 16, "object_id": "30", "object_repr": "Surv. Isaac Agyei-Mensah", "action_flag": 1, "change_message": "[{\"added\": {}}]"}}, {"model": "admin.logentry", "pk": 86, "fields": {"action_time": "2025-12-27T18:09:07.032Z", "user": 1, "content_type": 16, "object_id": "31", "object_repr": "Surv. Sylvester Akuoko", "action_flag": 1, "change_message": "[{\"added\": {}}]"}}, {"model": "admin.logentry", "pk": 87, "fields": {"action_time": "2025-12-27T18:12:25.574Z", "user": 1, "content_type": 16, "object_id": "32", "object_repr": "Surv. Patrick Fiajoe", "action_flag": 1, "change_message": "[{\"added\": {}}]"}}, {"model": "admin.logentry", "pk": 88, "fields": {"action_time": "2025-12-27T18:13:27.603Z", "user": 1, "content_type": 16, "object_id": "33", "object_repr": "Surv. Evans Boateng", "action_flag": 1, "change_message": "[{\"added\": {}}]"}}, {"model": "admin.logentry", "pk": 89, "fields": {"action_time": "2025-12-27T18:15:21.673Z", "user": 1, "content_type": 16, "object_id": "34", "object_repr": "Ing. Gloria Kunutsor", "action_flag": 1, "change_message": "[{\"added\": {}}]"}}, {"model": "admin.logentry", "pk": 90, "fields": {"action_time": "2025-12-27T18:16:32.555Z", "user": 1, "content_type": 16, "object_id": "35", "object_repr": "Ing. Michael Addo", "action_flag": 1, "change_message": "[{\"added\": {}}]"}}, {"model": "admin.logentry", "pk": 91, "fields": {"action_time": "2025-12-27T18:17:31.168Z", "user": 1, "content_type": 16, "object_id": "36", "object_repr": "Ing. Ebenezer Buertet Mac-Tetteh", "action_flag": 1, "change_message": "[{\"added\": {}}]"}}, {"model": "admin.logentry", "pk": 92, "fields": {"action_time": "2025-12-27T18:18:35.747Z", "user": 1, "content_type": 16, "object_id": "37", "object_repr": "Ing. Joseph Kwasi Oddei", "action_flag": 1, "change_message": "[{\"added\": {}}]"}}, {"model": "admin.logentry", "pk": 93, "fields": {"action_time": "2025-12-27T18:23:11.980Z", "user": 1, "content_type": 17, "object_id": "5", "object_repr": "Heads of Departments - Engineering", "action_flag": 3, "change_message": ""}}, {"model": "admin.logentry", "pk": 94, "fields": {"action_time": "2025-12-27T18:25:44.017Z", "user": 1, "content_type": 17, "object_id": "22", "object_repr": "Heads of Departments - Engineering", "action_flag": 1, "change_message": "[{\"added\": {}}, {\"added\": {\"name\": \"staff\", \"object\": \"Ing. Gloria Kunutsor\"}}]"}}, {"model": "admin.logentry", "pk": 95, "fields": {"action_time": "2025-12-27T18:26:55.066Z", "user": 1, "content_type": 17, "object_id": "22", "object_repr": "Heads of Departments - Engineering", "action_flag": 2, "change_message": "[{\"added\": {\"name\": \"staff\", \"object\": \"Ing. Michael Addo\"}}]"}}, {"model": "admin.logentry", "pk": 96, "fields": {"action_time": "2025-12-27T18:28:17.626Z", "user": 1, "content_type": 17, "object_id": "22", "object_repr": "Heads of Departments - Engineering", "action_flag": 2, "change_message": "[{\"added\": {\"name\": \"staff\", \"object\": \"Ing. Ebenezer Buertet Mac-Tetteh\"}}, {\"changed\": {\"name\": \"staff\", \"object\": \"Ing. Michael Addo\", \"fields\": [\"Image\"]}}]"}}, {"model": "admin.logentry", "pk": 97, "fields": {"action_time": "2025-12-27T18:29:06.099Z", "user": 1, "content_type": 17, "object_id": "22", "object_repr": "Heads of Departments - Engineering", "action_flag": 2, "change_message": "[{\"added\": {\"name\": \"staff\", \"object\": \"Ing. Joseph Kwasi Oddei\"}}]"}}, {"model": "admin.logentry", "pk": 98, "fields": {"action_time": "2025-12-27T18:34:21.789Z", "user": 1, "content_type": 17, "object_id": "9", "object_repr": "Heads of Departments - Administrative", "action_flag": 2, "change_message": "[{\"added\": {\"name\": \"staff\", \"object\": \"Ibrahim Jibril\"}}]"}}, {"model": "admin.logentry", "pk": 99, "fields": {"action_time": "2025-12-27T18:37:28.269Z", "user": 1, "content_type": 17, "object_id": "9", "object_repr": "Heads of Departments - Administrative", "action_flag": 2, "change_message": "[{\"added\": {\"name\": \"staff\", \"object\": \"Arc. E. Otchere-Darko\"}}, {\"added\": {\"name\": \"staff\", \"object\": \"Emmanuel Okoh Larbi\"}}, {\"changed\": {\"name\": \"staff\", \"object\": \"Harriet Bediako\", \"fields\": [\"Name\", \"Image\", \"Grade\", \"Email\", \"Description\"]}}]"}}, {"model": "admin.logentry", "pk": 100, "fields": {"action_time": "2026-01-01T21:06:03.237Z", "user": 1, "content_type": 19, "object_id": "1", "object_repr": "Publications object (1)", "action_flag": 1, "change_message": "[{\"added\": {}}]"}}, {"model": "admin.logentry", "pk": 101, "fields": {"action_time": "2026-01-01T21:07:52.782Z", "user": 1, "content_type": 19, "object_id": "2", "object_repr": "Publications object (2)", "action_flag": 1, "change_message": "[{\"added\": {}}]"}}, {"model": "admin.logentry", "pk": 102, "fields": {"action_time": "2026-01-01T21:08:24.607Z", "user": 1, "content_type": 19, "object_id": "3", "object_repr": "Publications object (3)", "action_flag": 1, "change_message": "[{\"added\": {}}]"}}, {"model": "admin.logentry", "pk": 103, "fields": {"action_time": "2026-01-01T21:08:55.712Z", "user": 1, "content_type": 19, "object_id": "4", "object_repr": "Publications object (4)", "action_flag": 1, "change_message": "[{\"added\": {}}]"}}, {"model": "admin.logentry", "pk": 104, "fields": {"action_time": "2026-01-01T21:09:24.584Z", "user": 1, "content_type": 19, "object_id": "5", "object_repr": "Publications object (5)", "action_flag": 1, "change_message": "[{\"added\": {}}]"}}, {"model": "admin.logentry", "pk": 105, "fields": {"action_time": "2026-01-01T21:09:53.442Z", "user": 1, "content_type": 19, "object_id": "6", "object_repr": "Publications object (6)", "action_flag": 1, "change_message": "[{\"added\": {}}]"}}, {"model": "admin.logentry", "pk": 106, "fields": {"action_time": "2026-01-16T15:50:00.171Z", "user": 1, "content_type": 10, "object_id": "4", "object_repr": "Surv. Robert Abugre", "action_flag": 1, "change_message": "[{\"added\": {}}]"}}, {"model": "admin.logentry", "pk": 107, "fields": {"action_time": "2026-01-16T15:50:36.289Z", "user": 1, "content_type": 10, "object_id": "5", "object_repr": "Arc. Rexford Amoako", "action_flag": 1, "change_message": "[{\"added\": {}}]"}}, {"model": "admin.logentry", "pk": 108, "fields": {"action_time": "2026-01-16T15:51:00.048Z", "user": 1, "content_type": 10, "object_id": "6", "object_repr": "Ing. Mike Addo", "action_flag": 1, "change_message": "[{\"added\": {}}]"}}, {"model": "admin.logentry", "pk": 109, "fields": {"action_time": "2026-01-16T15:53:06.209Z", "user": 1, "content_type": 12, "object_id": "7", "object_repr": "Surv. Robert Abugre", "action_flag": 1, "change_message": "[{\"added\": {}}]"}}, {"model": "admin.logentry", "pk": 110, "fields": {"action_time": "2026-01-16T15:53:21.495Z", "user": 1, "content_type": 12, "object_id": "8", "object_repr": "Arc. Rexford Amoako", "action_flag": 1, "change_message": "[{\"added\": {}}]"}}, {"model": "admin.logentry", "pk": 111, "fields": {"action_time": "2026-01-16T15:53:42.443Z", "user": 1, "content_type": 12, "object_id": "9", "object_repr": "Ing. Mike Addo Timothy", "action_flag": 1, "change_message": "[{\"added\": {}}]"}}, {"model": "admin.logentry", "pk": 112, "fields": {"action_time": "2026-01-16T15:53:53.816Z", "user": 1, "content_type": 12, "object_id": "10", "object_repr": "T. Tekpertey", "action_flag": 1, "change_message": "[{\"added\": {}}]"}}, {"model": "admin.logentry", "pk": 113, "fields": {"action_time": "2026-01-16T16:05:55.729Z", "user": 1, "content_type": 12, "object_id": "11", "object_repr": "Godwin Gyan", "action_flag": 1, "change_message": "[{\"added\": {}}]"}}, {"model": "admin.logentry", "pk": 114, "fields": {"action_time": "2026-01-16T16:06:29.765Z", "user": 1, "content_type": 12, "object_id": "12", "object_repr": "Isaac Kotey", "action_flag": 1, "change_message": "[{\"added\": {}}]"}}, {"model": "admin.logentry", "pk": 115, "fields": {"action_time": "2026-01-16T16:06:45.696Z", "user": 1, "content_type": 12, "object_id": "13", "object_repr": "Samuel Yaw Akoto", "action_flag": 1, "change_message": "[{\"added\": {}}]"}}, {"model": "admin.logentry", "pk": 116, "fields": {"action_time": "2026-01-16T16:06:54.903Z", "user": 1, "content_type": 12, "object_id": "14", "object_repr": "Ing. C.N. Adigvom", "action_flag": 1, "change_message": "[{\"added\": {}}]"}}, {"model": "admin.logentry", "pk": 117, "fields": {"action_time": "2026-01-16T16:07:04.598Z", "user": 1, "content_type": 12, "object_id": "15", "object_repr": "Ing. Gloria Kunutsor", "action_flag": 1, "change_message": "[{\"added\": {}}]"}}, {"model": "admin.logentry", "pk": 118, "fields": {"action_time": "2026-01-16T16:07:18.548Z", "user": 1, "content_type": 12, "object_id": "16", "object_repr": "Emml Adjetey Ala", "action_flag": 1, "change_message": "[{\"added\": {}}]"}}, {"model": "admin.logentry", "pk": 119, "fields": {"action_time": "2026-01-16T16:22:18.584Z", "user": 1, "content_type": 7, "object_id": "2", "object_repr": "Proposed Regional Coordinating Council Administration Block", "action_flag": 1, "change_message": "[{\"added\": {}}, {\"added\": {\"name\": \"project image\", \"object\": \"Proposed Regional Coordinating Council Administration Block - project_3d_visualizations\"}}, {\"added\": {\"name\": \"project image\", \"object\": \"Proposed Regional Coordinating Council Administration Block - project_3d_visualizations\"}}, {\"added\": {\"name\": \"project image\", \"object\": \"Proposed Regional Coordinating Council Administration Block - project_3d_visualizations\"}}, {\"added\": {\"name\": \"project image\", \"object\": \"Proposed Regional Coordinating Council Administration Block - project_3d_visualizations\"}}, {\"added\": {\"name\": \"project image\", \"object\": \"Proposed Regional Coordinating Council Administration Block - project_3d_visualizations\"}}, {\"added\": {\"name\": \"project image\", \"object\": \"Proposed Regional Coordinating Council Administration Block - project_3d_visualizations\"}}, {\"added\": {\"name\": \"project image\", \"object\": \"Proposed Regional Coordinating Council Administration Block - project_3d_visualizations\"}}, {\"added\": {\"name\": \"project image\", \"object\": \"Proposed Regional Coordinating Council Administration Block - project_3d_visualizations\"}}, {\"added\": {\"name\": \"project image\", \"object\": \"Proposed Regional Coordinating Council Administration Block - project_3d_visualizations\"}}, {\"added\": {\"name\": \"project award\", \"object\": \"2008 - Golden Award for Stars\"}}, {\"added\": {\"name\": \"project award\", \"object\": \"2024 - Centenary Award\"}}, {\"added\": {\"name\": \"project award\", \"object\": \"2018 - Engineering and Construction Awards\"}}, {\"added\": {\"name\": \"project contractor\", \"object\": \"General Contractor - Supreme\"}}, {\"added\": {\"name\": \"project contractor\", \"object\": \"Electrical Contractors - Kuku\"}}, {\"added\": {\"name\": \"project contractor\", \"object\": \"Mechanical Contractors - Mankind\"}}, {\"added\": {\"name\": \"project contractor\", \"object\": \"Plumbing Contractors - Uncle\"}}]"}}, {"model": "admin.logentry", "pk": 120, "fields": {"action_time": "2026-01-16T16:23:38.403Z", "user": 1, "content_type": 7, "object_id": "2", "object_repr": "Proposed Regional Coordinating Council Administration Block", "action_flag": 2, "change_message": "[{\"changed\": {\"fields\": [\"Picture\"]}}]"}}, {"model": "admin.logentry", "pk": 121, "fields": {"action_time": "2026-01-16T18:02:49.982Z", "user": 1, "content_type": 8, "object_id": "2", "object_repr": "Office Retail and Mixed - Use", "action_flag": 1, "change_message": "[{\"added\": {}}]"}}, {"model": "admin.logentry", "pk": 122, "fields": {"action_time": "2026-01-16T18:04:55.687Z", "user": 1, "content_type": 10, "object_id": "7", "object_repr": "Arc. L. Wright-Hanson", "action_flag": 1, "change_message": "[{\"added\": {}}]"}}, {"model": "admin.logentry", "pk": 123, "fields": {"action_time": "2026-01-16T18:05:04.640Z", "user": 1, "content_type": 10, "object_id": "8", "object_repr": "Surv. Patrick Fiadjoe", "action_flag": 1, "change_message": "[{\"added\": {}}]"}}, {"model": "admin.logentry", "pk": 124, "fields": {"action_time": "2026-01-16T18:05:15.633Z", "user": 1, "content_type": 10, "object_id": "9", "object_repr": "Ing. Dickson Hormeku", "action_flag": 1, "change_message": "[{\"added\": {}}]"}}, {"model": "admin.logentry", "pk": 125, "fields": {"action_time": "2026-01-16T18:06:49.355Z", "user": 1, "content_type": 12, "object_id": "17", "object_repr": "Ing. Nana Darkoa Caesar", "action_flag": 1, "change_message": "[{\"added\": {}}]"}}, {"model": "admin.logentry", "pk": 126, "fields": {"action_time": "2026-01-16T18:06:58.122Z", "user": 1, "content_type": 12, "object_id": "18", "object_repr": "Mr.Paul E. Donto", "action_flag": 1, "change_message": "[{\"added\": {}}]"}}, {"model": "admin.logentry", "pk": 127, "fields": {"action_time": "2026-01-16T18:07:14.105Z", "user": 1, "content_type": 12, "object_id": "19", "object_repr": "Mr. Emmanuel Ampofo", "action_flag": 1, "change_message": "[{\"added\": {}}]"}}, {"model": "admin.logentry", "pk": 128, "fields": {"action_time": "2026-01-16T18:07:22.390Z", "user": 1, "content_type": 12, "object_id": "20", "object_repr": "Timothy T. Tekpertey", "action_flag": 1, "change_message": "[{\"added\": {}}]"}}, {"model": "admin.logentry", "pk": 129, "fields": {"action_time": "2026-01-16T18:07:36.916Z", "user": 1, "content_type": 12, "object_id": "21", "object_repr": "George Hayibor", "action_flag": 1, "change_message": "[{\"added\": {}}]"}}, {"model": "admin.logentry", "pk": 130, "fields": {"action_time": "2026-01-16T18:07:45.051Z", "user": 1, "content_type": 12, "object_id": "22", "object_repr": "Engr. Bethvelyn Blah", "action_flag": 1, "change_message": "[{\"added\": {}}]"}}, {"model": "admin.logentry", "pk": 131, "fields": {"action_time": "2026-01-16T18:07:54.344Z", "user": 1, "content_type": 12, "object_id": "23", "object_repr": "Mr. Emmanuel A. Danquah", "action_flag": 1, "change_message": "[{\"added\": {}}]"}}, {"model": "admin.logentry", "pk": 132, "fields": {"action_time": "2026-01-16T18:08:03.136Z", "user": 1, "content_type": 12, "object_id": "24", "object_repr": "Mr. Michael Okyere", "action_flag": 1, "change_message": "[{\"added\": {}}]"}}, {"model": "admin.logentry", "pk": 133, "fields": {"action_time": "2026-01-16T18:08:18.701Z", "user": 1, "content_type": 12, "object_id": "25", "object_repr": "Mr. John Vorodam", "action_flag": 1, "change_message": "[{\"added\": {}}]"}}, {"model": "admin.logentry", "pk": 134, "fields": {"action_time": "2026-01-16T18:16:41.918Z", "user": 1, "content_type": 7, "object_id": "3", "object_repr": "The Law House", "action_flag": 1, "change_message": "[{\"added\": {}}, {\"added\": {\"name\": \"project image\", \"object\": \"The Law House - project_3d_visualizations\"}}, {\"added\": {\"name\": \"project image\", \"object\": \"The Law House - project_3d_visualizations\"}}, {\"added\": {\"name\": \"project image\", \"object\": \"The Law House - construction\"}}, {\"added\": {\"name\": \"project image\", \"object\": \"The Law House - construction\"}}, {\"added\": {\"name\": \"project image\", \"object\": \"The Law House - construction\"}}, {\"added\": {\"name\": \"project image\", \"object\": \"The Law House - construction\"}}, {\"added\": {\"name\": \"project image\", \"object\": \"The Law House - construction\"}}, {\"added\": {\"name\": \"project image\", \"object\": \"The Law House - construction\"}}, {\"added\": {\"name\": \"project image\", \"object\": \"The Law House - construction\"}}, {\"added\": {\"name\": \"project award\", \"object\": \"2008 - Golden Award for Stars\"}}, {\"added\": {\"name\": \"project award\", \"object\": \"2024 - Centenary Award\"}}, {\"added\": {\"name\": \"project award\", \"object\": \"2018 - Engineering and Construction Awards\"}}, {\"added\": {\"name\": \"project contractor\", \"object\": \"General Contractor - Supreme\"}}, {\"added\": {\"name\": \"project contractor\", \"object\": \"Electrical Contractors - Kuku\"}}, {\"added\": {\"name\": \"project contractor\", \"object\": \"Mechanical Contractors - Mankind\"}}, {\"added\": {\"name\": \"project contractor\", \"object\": \"Plumbing Contractors - Uncle\"}}]"}}, {"model": "admin.logentry", "pk": 135, "fields": {"action_time": "2026-01-18T11:58:28.007Z", "user": 1, "content_type": 16, "object_id": "31", "object_repr": "Surv. Sylvester Akuoko", "action_flag": 2, "change_message": "[{\"changed\": {\"fields\": [\"Image\"]}}]"}}, {"model": "admin.logentry", "pk": 136, "fields": {"action_time": "2026-01-20T13:02:39.487Z", "user": 1, "content_type": 20, "object_id": "1", "object_repr": "Rev. Osei Yaw Stephen", "action_flag": 1, "change_message": "[{\"added\": {}}]"}}, {"model": "admin.logentry", "pk": 137, "fields": {"action_time": "2026-01-20T13:06:23.931Z", "user": 1, "content_type": 20, "object_id": "1", "object_repr": "Rev. Osei Yaw Stephen", "action_flag": 2, "change_message": "[]"}}, {"model": "admin.logentry", "pk": 138, "fields": {"action_time": "2026-01-20T13:07:07.363Z", "user": 1, "content_type": 20, "object_id": "2", "object_repr": "Prof. De- Graft Owusu Manu", "action_flag": 1, "change_message": "[{\"added\": {}}]"}}, {"model": "admin.logentry", "pk": 139, "fields": {"action_time": "2026-01-20T13:07:47.233Z", "user": 1, "content_type": 20, "object_id": "3", "object_repr": "Arc. Agyei Marfo Isaac", "action_flag": 1, "change_message": "[{\"added\": {}}]"}}, {"model": "admin.logentry", "pk": 140, "fields": {"action_time": "2026-01-20T13:08:24.503Z", "user": 1, "content_type": 20, "object_id": "4", "object_repr": "Mad. Asamoah Susana", "action_flag": 1, "change_message": "[{\"added\": {}}]"}}, {"model": "admin.logentry", "pk": 141, "fields": {"action_time": "2026-01-20T13:09:01.983Z", "user": 1, "content_type": 20, "object_id": "5", "object_repr": "Mr. Basco A. Kante", "action_flag": 1, "change_message": "[{\"added\": {}}]"}}, {"model": "admin.logentry", "pk": 142, "fields": {"action_time": "2026-01-20T13:09:50.446Z", "user": 1, "content_type": 20, "object_id": "6", "object_repr": "Hon. Dakoa Newman (MP)", "action_flag": 1, "change_message": "[{\"added\": {}}]"}}, {"model": "admin.logentry", "pk": 143, "fields": {"action_time": "2026-01-20T14:01:33.258Z", "user": 1, "content_type": 20, "object_id": "1", "object_repr": "Rev. Osei Yaw Stephen", "action_flag": 2, "change_message": "[{\"changed\": {\"fields\": [\"Image\"]}}]"}}, {"model": "admin.logentry", "pk": 144, "fields": {"action_time": "2026-01-20T18:15:20.100Z", "user": 1, "content_type": 16, "object_id": "31", "object_repr": "Surv. Sylvester Akuoko", "action_flag": 2, "change_message": "[{\"changed\": {\"fields\": [\"Image\"]}}]"}}, {"model": "admin.logentry", "pk": 145, "fields": {"action_time": "2026-01-20T18:16:03.673Z", "user": 1, "content_type": 16, "object_id": "32", "object_repr": "Surv. Patrick Fiajoe", "action_flag": 2, "change_message": "[{\"changed\": {\"fields\": [\"Image\"]}}]"}}, {"model": "admin.logentry", "pk": 146, "fields": {"action_time": "2026-01-20T19:57:33.530Z", "user": 1, "content_type": 16, "object_id": "38", "object_repr": "Ing. Gloria Kunutsor", "action_flag": 2, "change_message": "[{\"changed\": {\"fields\": [\"Image\"]}}]"}}, {"model": "admin.logentry", "pk": 147, "fields": {"action_time": "2026-01-20T20:14:59.500Z", "user": 1, "content_type": 16, "object_id": "22", "object_repr": "Arc. Betsy Owusu-Antwi (Mrs.)", "action_flag": 2, "change_message": "[{\"changed\": {\"fields\": [\"Image\"]}}]"}}, {"model": "admin.logentry", "pk": 148, "fields": {"action_time": "2026-01-20T20:16:40.268Z", "user": 1, "content_type": 16, "object_id": "23", "object_repr": "Surv. Eric Annan", "action_flag": 2, "change_message": "[{\"changed\": {\"fields\": [\"Image\"]}}]"}}, {"model": "admin.logentry", "pk": 149, "fields": {"action_time": "2026-01-20T20:20:24.050Z", "user": 1, "content_type": 16, "object_id": "26", "object_repr": "Surv. Kwasi Gyebi-Ababio", "action_flag": 2, "change_message": "[{\"changed\": {\"fields\": [\"Image\"]}}]"}}, {"model": "admin.logentry", "pk": 150, "fields": {"action_time": "2026-01-20T20:20:52.302Z", "user": 1, "content_type": 16, "object_id": "27", "object_repr": "Arc. Nana Kwame Amoateng-Mensah", "action_flag": 2, "change_message": "[{\"changed\": {\"fields\": [\"Image\"]}}]"}}, {"model": "admin.logentry", "pk": 151, "fields": {"action_time": "2026-01-21T14:24:01.118Z", "user": 1, "content_type": 19, "object_id": "7", "object_repr": "Publications object (7)", "action_flag": 1, "change_message": "[{\"added\": {}}]"}}, {"model": "admin.logentry", "pk": 152, "fields": {"action_time": "2026-01-21T14:24:28.148Z", "user": 1, "content_type": 19, "object_id": "7", "object_repr": "Publications object (7)", "action_flag": 2, "change_message": "[{\"changed\": {\"fields\": [\"Type\"]}}]"}}, {"model": "admin.logentry", "pk": 153, "fields": {"action_time": "2026-01-21T14:24:52.532Z", "user": 1, "content_type": 19, "object_id": "8", "object_repr": "Publications object (8)", "action_flag": 1, "change_message": "[{\"added\": {}}]"}}, {"model": "admin.logentry", "pk": 154, "fields": {"action_time": "2026-01-21T14:25:20.148Z", "user": 1, "content_type": 19, "object_id": "9", "object_repr": "Publications object (9)", "action_flag": 1, "change_message": "[{\"added\": {}}]"}}, {"model": "admin.logentry", "pk": 155, "fields": {"action_time": "2026-01-21T14:25:47.941Z", "user": 1, "content_type": 19, "object_id": "10", "object_repr": "Publications object (10)", "action_flag": 1, "change_message": "[{\"added\": {}}]"}}, {"model": "admin.logentry", "pk": 156, "fields": {"action_time": "2026-01-21T21:38:16.752Z", "user": 1, "content_type": 8, "object_id": "3", "object_repr": "Landscapes, Planning and Survey", "action_flag": 1, "change_message": "[{\"added\": {}}]"}}, {"model": "admin.logentry", "pk": 157, "fields": {"action_time": "2026-01-21T21:38:54.494Z", "user": 1, "content_type": 10, "object_id": "10", "object_repr": "Arc. Walter Semordzi", "action_flag": 1, "change_message": "[{\"added\": {}}]"}}, {"model": "admin.logentry", "pk": 158, "fields": {"action_time": "2026-01-21T21:39:04.528Z", "user": 1, "content_type": 10, "object_id": "11", "object_repr": "Arc. Basil Akushey", "action_flag": 1, "change_message": "[{\"added\": {}}]"}}, {"model": "admin.logentry", "pk": 159, "fields": {"action_time": "2026-01-21T21:39:14.263Z", "user": 1, "content_type": 10, "object_id": "12", "object_repr": "Arc. William Addo", "action_flag": 1, "change_message": "[{\"added\": {}}]"}}, {"model": "admin.logentry", "pk": 160, "fields": {"action_time": "2026-01-21T21:39:53.443Z", "user": 1, "content_type": 12, "object_id": "26", "object_repr": "Surv. Ebenezer Tetteh-Glove", "action_flag": 1, "change_message": "[{\"added\": {}}]"}}, {"model": "admin.logentry", "pk": 161, "fields": {"action_time": "2026-01-21T21:40:05.626Z", "user": 1, "content_type": 12, "object_id": "27", "object_repr": "Anthony Rockson", "action_flag": 1, "change_message": "[{\"added\": {}}]"}}, {"model": "admin.logentry", "pk": 162, "fields": {"action_time": "2026-01-21T21:50:50.530Z", "user": 1, "content_type": 7, "object_id": "4", "object_repr": "Appiatse Redevelopment Scheme", "action_flag": 1, "change_message": "[{\"added\": {}}, {\"added\": {\"name\": \"project image\", \"object\": \"Appiatse Redevelopment Scheme - construction\"}}, {\"added\": {\"name\": \"project image\", \"object\": \"Appiatse Redevelopment Scheme - construction\"}}, {\"added\": {\"name\": \"project image\", \"object\": \"Appiatse Redevelopment Scheme - construction\"}}, {\"added\": {\"name\": \"project image\", \"object\": \"Appiatse Redevelopment Scheme - construction\"}}, {\"added\": {\"name\": \"project image\", \"object\": \"Appiatse Redevelopment Scheme - construction\"}}, {\"added\": {\"name\": \"project image\", \"object\": \"Appiatse Redevelopment Scheme - construction\"}}, {\"added\": {\"name\": \"project image\", \"object\": \"Appiatse Redevelopment Scheme - construction\"}}, {\"added\": {\"name\": \"project image\", \"object\": \"Appiatse Redevelopment Scheme - construction\"}}, {\"added\": {\"name\": \"project image\", \"object\": \"Appiatse Redevelopment Scheme - construction\"}}, {\"added\": {\"name\": \"project image\", \"object\": \"Appiatse Redevelopment Scheme - construction\"}}, {\"added\": {\"name\": \"project image\", \"object\": \"Appiatse Redevelopment Scheme - construction\"}}, {\"added\": {\"name\": \"project image\", \"object\": \"Appiatse Redevelopment Scheme - construction\"}}, {\"added\": {\"name\": \"project image\", \"object\": \"Appiatse Redevelopment Scheme - construction\"}}, {\"added\": {\"name\": \"project image\", \"object\": \"Appiatse Redevelopment Scheme - construction\"}}, {\"added\": {\"name\": \"project image\", \"object\": \"Appiatse Redevelopment Scheme - construction\"}}, {\"added\": {\"name\": \"project image\", \"object\": \"Appiatse Redevelopment Scheme - construction\"}}, {\"added\": {\"name\": \"project image\", \"object\": \"Appiatse Redevelopment Scheme - construction\"}}, {\"added\": {\"name\": \"project image\", \"object\": \"Appiatse Redevelopment Scheme - construction\"}}, {\"added\": {\"name\": \"project image\", \"object\": \"Appiatse Redevelopment Scheme - construction\"}}, {\"added\": {\"name\": \"project image\", \"object\": \"Appiatse Redevelopment Scheme - construction\"}}, {\"added\": {\"name\": \"project image\", \"object\": \"Appiatse Redevelopment Scheme - construction\"}}, {\"added\": {\"name\": \"project image\", \"object\": \"Appiatse Redevelopment Scheme - construction\"}}, {\"added\": {\"name\": \"project image\", \"object\": \"Appiatse Redevelopment Scheme - construction\"}}, {\"added\": {\"name\": \"project image\", \"object\": \"Appiatse Redevelopment Scheme - construction\"}}, {\"added\": {\"name\": \"project image\", \"object\": \"Appiatse Redevelopment Scheme - construction\"}}, {\"added\": {\"name\": \"project award\", \"object\": \"0 - award\"}}, {\"added\": {\"name\": \"project contractor\", \"object\": \"Mechanical Contractors - .\"}}]"}}, {"model": "admin.logentry", "pk": 163, "fields": {"action_time": "2026-01-21T21:51:43.257Z", "user": 1, "content_type": 7, "object_id": "4", "object_repr": "Appiatse Redevelopment Scheme", "action_flag": 2, "change_message": "[{\"changed\": {\"fields\": [\"Picture\"]}}]"}}, {"model": "admin.logentry", "pk": 164, "fields": {"action_time": "2026-01-21T21:53:30.818Z", "user": 1, "content_type": 8, "object_id": "4", "object_repr": "Industrial and Infrastructure", "action_flag": 1, "change_message": "[{\"added\": {}}]"}}, {"model": "admin.logentry", "pk": 165, "fields": {"action_time": "2026-01-21T21:55:26.930Z", "user": 1, "content_type": 10, "object_id": "13", "object_repr": "Arc. Isaac Agyei Marfo", "action_flag": 1, "change_message": "[{\"added\": {}}]"}}, {"model": "admin.logentry", "pk": 166, "fields": {"action_time": "2026-01-21T21:55:36.158Z", "user": 1, "content_type": 10, "object_id": "14", "object_repr": "Surv. Paul K. Ansong", "action_flag": 1, "change_message": "[{\"added\": {}}]"}}, {"model": "admin.logentry", "pk": 167, "fields": {"action_time": "2026-01-21T21:55:45.119Z", "user": 1, "content_type": 10, "object_id": "15", "object_repr": "Mike Addo", "action_flag": 1, "change_message": "[{\"added\": {}}]"}}, {"model": "admin.logentry", "pk": 168, "fields": {"action_time": "2026-01-21T22:02:57.714Z", "user": 1, "content_type": 7, "object_id": "5", "object_repr": "Construction of Foundry and Tooling Centre", "action_flag": 1, "change_message": "[{\"added\": {}}, {\"added\": {\"name\": \"project image\", \"object\": \"Construction of Foundry and Tooling Centre - construction\"}}, {\"added\": {\"name\": \"project image\", \"object\": \"Construction of Foundry and Tooling Centre - construction\"}}, {\"added\": {\"name\": \"project image\", \"object\": \"Construction of Foundry and Tooling Centre - construction\"}}, {\"added\": {\"name\": \"project image\", \"object\": \"Construction of Foundry and Tooling Centre - construction\"}}, {\"added\": {\"name\": \"project image\", \"object\": \"Construction of Foundry and Tooling Centre - construction\"}}, {\"added\": {\"name\": \"project image\", \"object\": \"Construction of Foundry and Tooling Centre - construction\"}}, {\"added\": {\"name\": \"project image\", \"object\": \"Construction of Foundry and Tooling Centre - construction\"}}, {\"added\": {\"name\": \"project image\", \"object\": \"Construction of Foundry and Tooling Centre - construction\"}}, {\"added\": {\"name\": \"project award\", \"object\": \"0 - 0\"}}, {\"added\": {\"name\": \"project contractor\", \"object\": \"Electrical Contractors - .\"}}]"}}, {"model": "admin.logentry", "pk": 169, "fields": {"action_time": "2026-01-21T22:03:53.393Z", "user": 1, "content_type": 8, "object_id": "5", "object_repr": "Residential", "action_flag": 1, "change_message": "[{\"added\": {}}]"}}, {"model": "admin.logentry", "pk": 170, "fields": {"action_time": "2026-01-21T22:06:20.981Z", "user": 1, "content_type": 7, "object_id": "6", "object_repr": "Saglemi Housing", "action_flag": 1, "change_message": "[{\"added\": {}}, {\"added\": {\"name\": \"project image\", \"object\": \"Saglemi Housing - construction\"}}, {\"added\": {\"name\": \"project award\", \"object\": \"0 - 0\"}}, {\"added\": {\"name\": \"project contractor\", \"object\": \"General Contractor - a\"}}]"}}, {"model": "admin.logentry", "pk": 171, "fields": {"action_time": "2026-01-22T11:14:24.018Z", "user": 1, "content_type": 7, "object_id": "3", "object_repr": "The Law House", "action_flag": 2, "change_message": "[{\"changed\": {\"name\": \"project contractor\", \"object\": \"Mechanical Contractors - ...\", \"fields\": [\"Company name\"]}}]"}}, {"model": "admin.logentry", "pk": 172, "fields": {"action_time": "2026-01-22T11:33:35.251Z", "user": 1, "content_type": 7, "object_id": "1", "object_repr": "Regional Police Command Administration Block", "action_flag": 2, "change_message": "[{\"deleted\": {\"name\": \"project image\", \"object\": \"Regional Police Command Administration Block - construction\"}}, {\"deleted\": {\"name\": \"project image\", \"object\": \"Regional Police Command Administration Block - construction\"}}, {\"deleted\": {\"name\": \"project image\", \"object\": \"Regional Police Command Administration Block - construction\"}}]"}}, {"model": "admin.logentry", "pk": 173, "fields": {"action_time": "2026-01-22T11:56:20.477Z", "user": 1, "content_type": 7, "object_id": "1", "object_repr": "Regional Police Command Administration Block", "action_flag": 2, "change_message": "[{\"deleted\": {\"name\": \"project image\", \"object\": \"Regional Police Command Administration Block - construction\"}}, {\"deleted\": {\"name\": \"project image\", \"object\": \"Regional Police Command Administration Block - construction\"}}]"}}, {"model": "admin.logentry", "pk": 174, "fields": {"action_time": "2026-01-22T12:01:01.060Z", "user": 1, "content_type": 7, "object_id": "1", "object_repr": "Regional Police Command Administration Block", "action_flag": 2, "change_message": "[{\"deleted\": {\"name\": \"project image\", \"object\": \"Regional Police Command Administration Block - project\"}}]"}}, {"model": "admin.logentry", "pk": 175, "fields": {"action_time": "2026-01-22T15:20:33.375Z", "user": 1, "content_type": 21, "object_id": "1", "object_repr": "Aboor Desmond", "action_flag": 1, "change_message": "[{\"added\": {}}]"}}, {"model": "admin.logentry", "pk": 176, "fields": {"action_time": "2026-01-22T15:21:11.667Z", "user": 1, "content_type": 21, "object_id": "2", "object_repr": "Emmanuel Kwasi Okoh Larbi", "action_flag": 1, "change_message": "[{\"added\": {}}]"}}, {"model": "admin.logentry", "pk": 177, "fields": {"action_time": "2026-01-22T15:21:12.089Z", "user": 1, "content_type": 21, "object_id": "3", "object_repr": "Emmanuel Kwasi Okoh Larbi", "action_flag": 1, "change_message": "[{\"added\": {}}]"}}, {"model": "admin.logentry", "pk": 178, "fields": {"action_time": "2026-01-22T15:21:42.888Z", "user": 1, "content_type": 21, "object_id": "4", "object_repr": "ING. FRANCIS FORSON..", "action_flag": 1, "change_message": "[{\"added\": {}}]"}}, {"model": "admin.logentry", "pk": 179, "fields": {"action_time": "2026-01-22T15:22:13.743Z", "user": 1, "content_type": 21, "object_id": "5", "object_repr": "Isaac Yieleh-Chireh", "action_flag": 1, "change_message": "[{\"added\": {}}]"}}, {"model": "admin.logentry", "pk": 180, "fields": {"action_time": "2026-01-22T18:53:15.852Z", "user": 1, "content_type": 21, "object_id": "6", "object_repr": "Edem K. Dadadzogbor", "action_flag": 1, "change_message": "[{\"added\": {}}]"}}, {"model": "admin.logentry", "pk": 181, "fields": {"action_time": "2026-01-22T18:53:53.635Z", "user": 1, "content_type": 21, "object_id": "7", "object_repr": "Kamal Tijani", "action_flag": 1, "change_message": "[{\"added\": {}}]"}}, {"model": "admin.logentry", "pk": 182, "fields": {"action_time": "2026-01-22T19:25:42.415Z", "user": 1, "content_type": 21, "object_id": "8", "object_repr": "Charles Dugble", "action_flag": 1, "change_message": "[{\"added\": {}}]"}}, {"model": "admin.logentry", "pk": 183, "fields": {"action_time": "2026-01-22T19:26:13.016Z", "user": 1, "content_type": 21, "object_id": "9", "object_repr": "Divine Adiku", "action_flag": 1, "change_message": "[{\"added\": {}}]"}}, {"model": "admin.logentry", "pk": 184, "fields": {"action_time": "2026-01-22T19:26:42.868Z", "user": 1, "content_type": 21, "object_id": "10", "object_repr": "Ernest Kofi Anyanumeh", "action_flag": 1, "change_message": "[{\"added\": {}}]"}}, {"model": "admin.logentry", "pk": 185, "fields": {"action_time": "2026-01-22T19:27:08.735Z", "user": 1, "content_type": 21, "object_id": "11", "object_repr": "Grace Mensah", "action_flag": 1, "change_message": "[{\"added\": {}}]"}}, {"model": "admin.logentry", "pk": 186, "fields": {"action_time": "2026-01-22T19:27:27.614Z", "user": 1, "content_type": 21, "object_id": "12", "object_repr": "Hannah Addo", "action_flag": 1, "change_message": "[{\"added\": {}}]"}}, {"model": "admin.logentry", "pk": 187, "fields": {"action_time": "2026-01-22T19:27:55.827Z", "user": 1, "content_type": 21, "object_id": "13", "object_repr": "Jonathan Brown", "action_flag": 1, "change_message": "[{\"added\": {}}]"}}, {"model": "admin.logentry", "pk": 188, "fields": {"action_time": "2026-01-22T19:28:19.634Z", "user": 1, "content_type": 21, "object_id": "14", "object_repr": "Joshua Gbedebu", "action_flag": 1, "change_message": "[{\"added\": {}}]"}}, {"model": "admin.logentry", "pk": 189, "fields": {"action_time": "2026-01-22T19:28:44.805Z", "user": 1, "content_type": 21, "object_id": "15", "object_repr": "Madam Claudia Peguu", "action_flag": 1, "change_message": "[{\"added\": {}}]"}}, {"model": "admin.logentry", "pk": 190, "fields": {"action_time": "2026-01-22T19:29:03.950Z", "user": 1, "content_type": 21, "object_id": "16", "object_repr": "Madam Kyileyang Christiana", "action_flag": 1, "change_message": "[{\"added\": {}}]"}}, {"model": "admin.logentry", "pk": 191, "fields": {"action_time": "2026-01-22T19:29:32.170Z", "user": 1, "content_type": 21, "object_id": "17", "object_repr": "Mr. Abubakari Saaka", "action_flag": 1, "change_message": "[{\"added\": {}}]"}}, {"model": "admin.logentry", "pk": 192, "fields": {"action_time": "2026-01-22T19:29:56.328Z", "user": 1, "content_type": 21, "object_id": "18", "object_repr": "Mr. Aditanga Jacob", "action_flag": 1, "change_message": "[{\"added\": {}}]"}}, {"model": "admin.logentry", "pk": 193, "fields": {"action_time": "2026-01-22T19:30:24.751Z", "user": 1, "content_type": 21, "object_id": "19", "object_repr": "Mr. Amadu Musah", "action_flag": 1, "change_message": "[{\"added\": {}}]"}}, {"model": "admin.logentry", "pk": 194, "fields": {"action_time": "2026-01-22T19:30:56.948Z", "user": 1, "content_type": 21, "object_id": "20", "object_repr": "Mr. Frank Kwabena Okyere", "action_flag": 1, "change_message": "[{\"added\": {}}]"}}, {"model": "admin.logentry", "pk": 195, "fields": {"action_time": "2026-01-22T19:31:19.144Z", "user": 1, "content_type": 21, "object_id": "21", "object_repr": "Mr. Philip Kudenu", "action_flag": 1, "change_message": "[{\"added\": {}}]"}}, {"model": "admin.logentry", "pk": 196, "fields": {"action_time": "2026-01-22T19:31:49.018Z", "user": 1, "content_type": 21, "object_id": "22", "object_repr": "Mr. Zakaria", "action_flag": 1, "change_message": "[{\"added\": {}}]"}}, {"model": "admin.logentry", "pk": 197, "fields": {"action_time": "2026-01-22T19:32:24.170Z", "user": 1, "content_type": 21, "object_id": "23", "object_repr": "Nana Yaw Quainoo", "action_flag": 1, "change_message": "[{\"added\": {}}]"}}, {"model": "admin.logentry", "pk": 198, "fields": {"action_time": "2026-01-22T19:32:46.064Z", "user": 1, "content_type": 21, "object_id": "24", "object_repr": "Richard Alentis", "action_flag": 1, "change_message": "[{\"added\": {}}]"}}, {"model": "admin.logentry", "pk": 199, "fields": {"action_time": "2026-01-22T19:33:06.434Z", "user": 1, "content_type": 21, "object_id": "25", "object_repr": "Samuel Dorgbetor", "action_flag": 1, "change_message": "[{\"added\": {}}]"}}, {"model": "admin.logentry", "pk": 200, "fields": {"action_time": "2026-01-22T19:33:23.623Z", "user": 1, "content_type": 21, "object_id": "26", "object_repr": "Shaddrack K. Addo", "action_flag": 1, "change_message": "[{\"added\": {}}]"}}, {"model": "admin.logentry", "pk": 201, "fields": {"action_time": "2026-01-22T19:33:44.724Z", "user": 1, "content_type": 21, "object_id": "27", "object_repr": "Victor Dogbatse", "action_flag": 1, "change_message": "[{\"added\": {}}]"}}, {"model": "admin.logentry", "pk": 202, "fields": {"action_time": "2026-01-22T19:38:20.724Z", "user": 1, "content_type": 21, "object_id": "27", "object_repr": "Victor Dogbatse", "action_flag": 2, "change_message": "[{\"changed\": {\"fields\": [\"Profession\", \"Department\"]}}]"}}, {"model": "admin.logentry", "pk": 203, "fields": {"action_time": "2026-01-22T19:38:28.120Z", "user": 1, "content_type": 21, "object_id": "26", "object_repr": "Shaddrack K. Addo", "action_flag": 2, "change_message": "[{\"changed\": {\"fields\": [\"Profession\", \"Department\"]}}]"}}, {"model": "admin.logentry", "pk": 204, "fields": {"action_time": "2026-01-22T19:38:37.844Z", "user": 1, "content_type": 21, "object_id": "25", "object_repr": "Samuel Dorgbetor", "action_flag": 2, "change_message": "[{\"changed\": {\"fields\": [\"Profession\", \"Department\"]}}]"}}, {"model": "admin.logentry", "pk": 205, "fields": {"action_time": "2026-01-22T19:38:47.122Z", "user": 1, "content_type": 21, "object_id": "24", "object_repr": "Richard Alentis", "action_flag": 2, "change_message": "[{\"changed\": {\"fields\": [\"Profession\", \"Department\"]}}]"}}, {"model": "admin.logentry", "pk": 206, "fields": {"action_time": "2026-01-22T19:38:52.580Z", "user": 1, "content_type": 21, "object_id": "23", "object_repr": "Nana Yaw Quainoo", "action_flag": 2, "change_message": "[{\"changed\": {\"fields\": [\"Profession\", \"Department\"]}}]"}}, {"model": "admin.logentry", "pk": 207, "fields": {"action_time": "2026-01-22T19:39:01.461Z", "user": 1, "content_type": 21, "object_id": "22", "object_repr": "Mr. Zakaria", "action_flag": 2, "change_message": "[{\"changed\": {\"fields\": [\"Profession\", \"Department\"]}}]"}}, {"model": "admin.logentry", "pk": 208, "fields": {"action_time": "2026-01-22T19:39:10.939Z", "user": 1, "content_type": 21, "object_id": "21", "object_repr": "Mr. Philip Kudenu", "action_flag": 2, "change_message": "[{\"changed\": {\"fields\": [\"Profession\", \"Department\"]}}]"}}, {"model": "admin.logentry", "pk": 209, "fields": {"action_time": "2026-01-22T19:39:44.711Z", "user": 1, "content_type": 21, "object_id": "27", "object_repr": "Victor Dogbatse", "action_flag": 2, "change_message": "[{\"changed\": {\"fields\": [\"Profession\", \"Department\"]}}]"}}, {"model": "admin.logentry", "pk": 210, "fields": {"action_time": "2026-01-22T19:40:04.752Z", "user": 1, "content_type": 21, "object_id": "26", "object_repr": "Shaddrack K. Addo", "action_flag": 2, "change_message": "[{\"changed\": {\"fields\": [\"Profession\", \"Department\"]}}]"}}, {"model": "admin.logentry", "pk": 211, "fields": {"action_time": "2026-01-22T19:40:13.369Z", "user": 1, "content_type": 21, "object_id": "25", "object_repr": "Samuel Dorgbetor", "action_flag": 2, "change_message": "[{\"changed\": {\"fields\": [\"Profession\", \"Department\"]}}]"}}, {"model": "admin.logentry", "pk": 212, "fields": {"action_time": "2026-01-22T19:40:20.457Z", "user": 1, "content_type": 21, "object_id": "24", "object_repr": "Richard Alentis", "action_flag": 2, "change_message": "[{\"changed\": {\"fields\": [\"Profession\", \"Department\"]}}]"}}, {"model": "admin.logentry", "pk": 213, "fields": {"action_time": "2026-01-22T19:40:40.250Z", "user": 1, "content_type": 21, "object_id": "23", "object_repr": "Nana Yaw Quainoo", "action_flag": 2, "change_message": "[{\"changed\": {\"fields\": [\"Profession\", \"Department\"]}}]"}}, {"model": "admin.logentry", "pk": 214, "fields": {"action_time": "2026-01-22T19:40:49.688Z", "user": 1, "content_type": 21, "object_id": "22", "object_repr": "Mr. Zakaria", "action_flag": 2, "change_message": "[{\"changed\": {\"fields\": [\"Profession\", \"Department\"]}}]"}}, {"model": "admin.logentry", "pk": 215, "fields": {"action_time": "2026-01-22T19:41:01.298Z", "user": 1, "content_type": 21, "object_id": "21", "object_repr": "Mr. Philip Kudenu", "action_flag": 2, "change_message": "[{\"changed\": {\"fields\": [\"Profession\", \"Department\"]}}]"}}, {"model": "admin.logentry", "pk": 216, "fields": {"action_time": "2026-01-22T19:41:16.460Z", "user": 1, "content_type": 21, "object_id": "20", "object_repr": "Mr. Frank Kwabena Okyere", "action_flag": 2, "change_message": "[{\"changed\": {\"fields\": [\"Profession\", \"Department\"]}}]"}}, {"model": "admin.logentry", "pk": 217, "fields": {"action_time": "2026-01-22T19:41:24.807Z", "user": 1, "content_type": 21, "object_id": "19", "object_repr": "Mr. Amadu Musah", "action_flag": 2, "change_message": "[{\"changed\": {\"fields\": [\"Profession\", \"Department\"]}}]"}}, {"model": "admin.logentry", "pk": 218, "fields": {"action_time": "2026-01-22T19:41:31.625Z", "user": 1, "content_type": 21, "object_id": "18", "object_repr": "Mr. Aditanga Jacob", "action_flag": 2, "change_message": "[{\"changed\": {\"fields\": [\"Profession\", \"Department\"]}}]"}}, {"model": "admin.logentry", "pk": 219, "fields": {"action_time": "2026-01-22T19:41:38.906Z", "user": 1, "content_type": 21, "object_id": "17", "object_repr": "Mr. Abubakari Saaka", "action_flag": 2, "change_message": "[{\"changed\": {\"fields\": [\"Profession\", \"Department\"]}}]"}}, {"model": "admin.logentry", "pk": 220, "fields": {"action_time": "2026-01-22T19:41:47.664Z", "user": 1, "content_type": 21, "object_id": "16", "object_repr": "Madam Kyileyang Christiana", "action_flag": 2, "change_message": "[{\"changed\": {\"fields\": [\"Profession\", \"Department\"]}}]"}}, {"model": "admin.logentry", "pk": 221, "fields": {"action_time": "2026-01-22T19:41:57.672Z", "user": 1, "content_type": 21, "object_id": "15", "object_repr": "Madam Claudia Peguu", "action_flag": 2, "change_message": "[{\"changed\": {\"fields\": [\"Profession\", \"Department\"]}}]"}}, {"model": "admin.logentry", "pk": 222, "fields": {"action_time": "2026-01-22T19:42:04.656Z", "user": 1, "content_type": 21, "object_id": "14", "object_repr": "Joshua Gbedebu", "action_flag": 2, "change_message": "[{\"changed\": {\"fields\": [\"Profession\", \"Department\"]}}]"}}, {"model": "admin.logentry", "pk": 223, "fields": {"action_time": "2026-01-22T19:42:12.342Z", "user": 1, "content_type": 21, "object_id": "13", "object_repr": "Jonathan Brown", "action_flag": 2, "change_message": "[{\"changed\": {\"fields\": [\"Profession\", \"Department\"]}}]"}}, {"model": "admin.logentry", "pk": 224, "fields": {"action_time": "2026-01-22T19:42:18.872Z", "user": 1, "content_type": 21, "object_id": "12", "object_repr": "Hannah Addo", "action_flag": 2, "change_message": "[{\"changed\": {\"fields\": [\"Profession\", \"Department\"]}}]"}}, {"model": "admin.logentry", "pk": 225, "fields": {"action_time": "2026-01-22T19:42:31.071Z", "user": 1, "content_type": 21, "object_id": "11", "object_repr": "Grace Mensah", "action_flag": 2, "change_message": "[{\"changed\": {\"fields\": [\"Profession\", \"Department\"]}}]"}}, {"model": "admin.logentry", "pk": 226, "fields": {"action_time": "2026-01-22T19:42:38.404Z", "user": 1, "content_type": 21, "object_id": "9", "object_repr": "Divine Adiku", "action_flag": 2, "change_message": "[{\"changed\": {\"fields\": [\"Profession\", \"Department\"]}}]"}}, {"model": "admin.logentry", "pk": 227, "fields": {"action_time": "2026-01-22T19:42:46.520Z", "user": 1, "content_type": 21, "object_id": "10", "object_repr": "Ernest Kofi Anyanumeh", "action_flag": 2, "change_message": "[{\"changed\": {\"fields\": [\"Profession\", \"Department\"]}}]"}}, {"model": "admin.logentry", "pk": 228, "fields": {"action_time": "2026-01-22T19:42:52.813Z", "user": 1, "content_type": 21, "object_id": "8", "object_repr": "Charles Dugble", "action_flag": 2, "change_message": "[{\"changed\": {\"fields\": [\"Profession\", \"Department\"]}}]"}}, {"model": "admin.logentry", "pk": 229, "fields": {"action_time": "2026-01-22T21:18:07.570Z", "user": 1, "content_type": 20, "object_id": "7", "object_repr": ".", "action_flag": 1, "change_message": "[{\"added\": {}}]"}}, {"model": "admin.logentry", "pk": 230, "fields": {"action_time": "2026-01-22T21:18:22.695Z", "user": 1, "content_type": 20, "object_id": "7", "object_repr": ".", "action_flag": 2, "change_message": "[{\"changed\": {\"fields\": [\"Twitter\"]}}]"}}, {"model": "admin.logentry", "pk": 231, "fields": {"action_time": "2026-01-22T21:18:54.442Z", "user": 1, "content_type": 20, "object_id": "8", "object_repr": "..", "action_flag": 1, "change_message": "[{\"added\": {}}]"}}, {"model": "admin.logentry", "pk": 232, "fields": {"action_time": "2026-01-23T15:21:10.321Z", "user": 1, "content_type": 20, "object_id": "9", "object_repr": "...", "action_flag": 1, "change_message": "[{\"added\": {}}]"}}, {"model": "admin.logentry", "pk": 233, "fields": {"action_time": "2026-01-25T15:52:27.968Z", "user": 1, "content_type": 19, "object_id": "3", "object_repr": "Audited financial statements and management discussion for FY2023.", "action_flag": 2, "change_message": "[{\"changed\": {\"fields\": [\"Download\"]}}]"}}, {"model": "admin.logentry", "pk": 234, "fields": {"action_time": "2026-01-25T15:52:38.575Z", "user": 1, "content_type": 19, "object_id": "4", "object_repr": "Audited financial statements for FY2022.", "action_flag": 2, "change_message": "[{\"changed\": {\"fields\": [\"Download\"]}}]"}}, {"model": "admin.logentry", "pk": 235, "fields": {"action_time": "2026-02-03T10:44:52.415Z", "user": 1, "content_type": 19, "object_id": "2", "object_repr": "Recommended approaches and standards for geospatial surveys.", "action_flag": 2, "change_message": "[{\"changed\": {\"fields\": [\"Publication image\"]}}]"}}, {"model": "admin.logentry", "pk": 236, "fields": {"action_time": "2026-02-03T10:46:17.391Z", "user": 1, "content_type": 19, "object_id": "3", "object_repr": "Audited financial statements and management discussion for FY2023.", "action_flag": 2, "change_message": "[{\"changed\": {\"fields\": [\"Publication image\"]}}]"}}, {"model": "admin.logentry", "pk": 237, "fields": {"action_time": "2026-02-03T10:46:28.158Z", "user": 1, "content_type": 19, "object_id": "4", "object_repr": "Audited financial statements for FY2022.", "action_flag": 2, "change_message": "[{\"changed\": {\"fields\": [\"Publication image\"]}}]"}}, {"model": "admin.logentry", "pk": 238, "fields": {"action_time": "2026-02-03T10:46:44.027Z", "user": 1, "content_type": 19, "object_id": "1", "object_repr": "Guidance on Building Information Modelling (BIM) practices.2022", "action_flag": 2, "change_message": "[{\"changed\": {\"fields\": [\"Publication image\"]}}]"}}, {"model": "admin.logentry", "pk": 239, "fields": {"action_time": "2026-02-03T10:48:03.501Z", "user": 1, "content_type": 19, "object_id": "6", "object_repr": "A look at strategies for low-emission urban mobility.", "action_flag": 2, "change_message": "[{\"changed\": {\"fields\": [\"Publication image\"]}}]"}}, {"model": "admin.logentry", "pk": 240, "fields": {"action_time": "2026-02-03T10:48:18.517Z", "user": 1, "content_type": 19, "object_id": "5", "object_repr": "Article exploring current sustainable architecture and engineering practices.", "action_flag": 2, "change_message": "[{\"changed\": {\"fields\": [\"Publication image\"]}}]"}}, {"model": "admin.logentry", "pk": 241, "fields": {"action_time": "2026-02-03T10:52:53.444Z", "user": 1, "content_type": 19, "object_id": "10", "object_repr": "Review: Education Projects (2023)", "action_flag": 2, "change_message": "[{\"changed\": {\"fields\": [\"Publication image\"]}}]"}}, {"model": "admin.logentry", "pk": 242, "fields": {"action_time": "2026-02-03T10:55:26.408Z", "user": 1, "content_type": 19, "object_id": "7", "object_repr": "Urban Water Infrastructure Resilience", "action_flag": 2, "change_message": "[{\"changed\": {\"fields\": [\"Publication image\"]}}]"}}, {"model": "admin.logentry", "pk": 243, "fields": {"action_time": "2026-02-03T10:55:37.870Z", "user": 1, "content_type": 19, "object_id": "8", "object_repr": "Affordable Housing Framework (2023)", "action_flag": 2, "change_message": "[{\"changed\": {\"fields\": [\"Publication image\"]}}]"}}, {"model": "admin.logentry", "pk": 244, "fields": {"action_time": "2026-02-03T11:04:03.761Z", "user": 1, "content_type": 19, "object_id": "9", "object_repr": "Review: Recent Hospitality Projects (2025)", "action_flag": 2, "change_message": "[{\"changed\": {\"fields\": [\"Publication image\"]}}]"}}, {"model": "admin.logentry", "pk": 245, "fields": {"action_time": "2026-02-03T11:04:31.452Z", "user": 1, "content_type": 19, "object_id": "1", "object_repr": "Guidance on Building Information Modelling (BIM) practices.2022", "action_flag": 2, "change_message": "[{\"changed\": {\"fields\": [\"Publication image\"]}}]"}}, {"model": "auth.permission", "pk": 1, "fields": {"name": "Can add log entry", "content_type": 1, "codename": "add_logentry"}}, {"model": "auth.permission", "pk": 2, "fields": {"name": "Can change log entry", "content_type": 1, "codename": "change_logentry"}}, {"model": "auth.permission", "pk": 3, "fields": {"name": "Can delete log entry", "content_type": 1, "codename": "delete_logentry"}}, {"model": "auth.permission", "pk": 4, "fields": {"name": "Can view log entry", "content_type": 1, "codename": "view_logentry"}}, {"model": "auth.permission", "pk": 5, "fields": {"name": "Can add permission", "content_type": 3, "codename": "add_permission"}}, {"model": "auth.permission", "pk": 6, "fields": {"name": "Can change permission", "content_type": 3, "codename": "change_permission"}}, {"model": "auth.permission", "pk": 7, "fields": {"name": "Can delete permission", "content_type": 3, "codename": "delete_permission"}}, {"model": "auth.permission", "pk": 8, "fields": {"name": "Can view permission", "content_type": 3, "codename": "view_permission"}}, {"model": "auth.permission", "pk": 9, "fields": {"name": "Can add group", "content_type": 2, "codename": "add_group"}}, {"model": "auth.permission", "pk": 10, "fields": {"name": "Can change group", "content_type": 2, "codename": "change_group"}}, {"model": "auth.permission", "pk": 11, "fields": {"name": "Can delete group", "content_type": 2, "codename": "delete_group"}}, {"model": "auth.permission", "pk": 12, "fields": {"name": "Can view group", "content_type": 2, "codename": "view_group"}}, {"model": "auth.permission", "pk": 13, "fields": {"name": "Can add user", "content_type": 4, "codename": "add_user"}}, {"model": "auth.permission", "pk": 14, "fields": {"name": "Can change user", "content_type": 4, "codename": "change_user"}}, {"model": "auth.permission", "pk": 15, "fields": {"name": "Can delete user", "content_type": 4, "codename": "delete_user"}}, {"model": "auth.permission", "pk": 16, "fields": {"name": "Can view user", "content_type": 4, "codename": "view_user"}}, {"model": "auth.permission", "pk": 17, "fields": {"name": "Can add content type", "content_type": 5, "codename": "add_contenttype"}}, {"model": "auth.permission", "pk": 18, "fields": {"name": "Can change content type", "content_type": 5, "codename": "change_contenttype"}}, {"model": "auth.permission", "pk": 19, "fields": {"name": "Can delete content type", "content_type": 5, "codename": "delete_contenttype"}}, {"model": "auth.permission", "pk": 20, "fields": {"name": "Can view content type", "content_type": 5, "codename": "view_contenttype"}}, {"model": "auth.permission", "pk": 21, "fields": {"name": "Can add session", "content_type": 6, "codename": "add_session"}}, {"model": "auth.permission", "pk": 22, "fields": {"name": "Can change session", "content_type": 6, "codename": "change_session"}}, {"model": "auth.permission", "pk": 23, "fields": {"name": "Can delete session", "content_type": 6, "codename": "delete_session"}}, {"model": "auth.permission", "pk": 24, "fields": {"name": "Can view session", "content_type": 6, "codename": "view_session"}}, {"model": "auth.permission", "pk": 25, "fields": {"name": "Can add project image", "content_type": 9, "codename": "add_projectimage"}}, {"model": "auth.permission", "pk": 26, "fields": {"name": "Can change project image", "content_type": 9, "codename": "change_projectimage"}}, {"model": "auth.permission", "pk": 27, "fields": {"name": "Can delete project image", "content_type": 9, "codename": "delete_projectimage"}}, {"model": "auth.permission", "pk": 28, "fields": {"name": "Can view project image", "content_type": 9, "codename": "view_projectimage"}}, {"model": "auth.permission", "pk": 29, "fields": {"name": "Can add project category", "content_type": 8, "codename": "add_projectcategory"}}, {"model": "auth.permission", "pk": 30, "fields": {"name": "Can change project category", "content_type": 8, "codename": "change_projectcategory"}}, {"model": "auth.permission", "pk": 31, "fields": {"name": "Can delete project category", "content_type": 8, "codename": "delete_projectcategory"}}, {"model": "auth.permission", "pk": 32, "fields": {"name": "Can view project category", "content_type": 8, "codename": "view_projectcategory"}}, {"model": "auth.permission", "pk": 33, "fields": {"name": "Can add project", "content_type": 7, "codename": "add_project"}}, {"model": "auth.permission", "pk": 34, "fields": {"name": "Can change project", "content_type": 7, "codename": "change_project"}}, {"model": "auth.permission", "pk": 35, "fields": {"name": "Can delete project", "content_type": 7, "codename": "delete_project"}}, {"model": "auth.permission", "pk": 36, "fields": {"name": "Can view project", "content_type": 7, "codename": "view_project"}}, {"model": "auth.permission", "pk": 37, "fields": {"name": "Can add project leader", "content_type": 10, "codename": "add_projectleader"}}, {"model": "auth.permission", "pk": 38, "fields": {"name": "Can change project leader", "content_type": 10, "codename": "change_projectleader"}}, {"model": "auth.permission", "pk": 39, "fields": {"name": "Can delete project leader", "content_type": 10, "codename": "delete_projectleader"}}, {"model": "auth.permission", "pk": 40, "fields": {"name": "Can view project leader", "content_type": 10, "codename": "view_projectleader"}}, {"model": "auth.permission", "pk": 41, "fields": {"name": "Can add project award", "content_type": 11, "codename": "add_projectaward"}}, {"model": "auth.permission", "pk": 42, "fields": {"name": "Can change project award", "content_type": 11, "codename": "change_projectaward"}}, {"model": "auth.permission", "pk": 43, "fields": {"name": "Can delete project award", "content_type": 11, "codename": "delete_projectaward"}}, {"model": "auth.permission", "pk": 44, "fields": {"name": "Can view project award", "content_type": 11, "codename": "view_projectaward"}}, {"model": "auth.permission", "pk": 45, "fields": {"name": "Can add project team member", "content_type": 12, "codename": "add_projectteammember"}}, {"model": "auth.permission", "pk": 46, "fields": {"name": "Can change project team member", "content_type": 12, "codename": "change_projectteammember"}}, {"model": "auth.permission", "pk": 47, "fields": {"name": "Can delete project team member", "content_type": 12, "codename": "delete_projectteammember"}}, {"model": "auth.permission", "pk": 48, "fields": {"name": "Can view project team member", "content_type": 12, "codename": "view_projectteammember"}}, {"model": "auth.permission", "pk": 49, "fields": {"name": "Can add project contractor", "content_type": 14, "codename": "add_projectcontractor"}}, {"model": "auth.permission", "pk": 50, "fields": {"name": "Can change project contractor", "content_type": 14, "codename": "change_projectcontractor"}}, {"model": "auth.permission", "pk": 51, "fields": {"name": "Can delete project contractor", "content_type": 14, "codename": "delete_projectcontractor"}}, {"model": "auth.permission", "pk": 52, "fields": {"name": "Can view project contractor", "content_type": 14, "codename": "view_projectcontractor"}}, {"model": "auth.permission", "pk": 53, "fields": {"name": "Can add Contractor Role", "content_type": 13, "codename": "add_contractorrole"}}, {"model": "auth.permission", "pk": 54, "fields": {"name": "Can change Contractor Role", "content_type": 13, "codename": "change_contractorrole"}}, {"model": "auth.permission", "pk": 55, "fields": {"name": "Can delete Contractor Role", "content_type": 13, "codename": "delete_contractorrole"}}, {"model": "auth.permission", "pk": 56, "fields": {"name": "Can view Contractor Role", "content_type": 13, "codename": "view_contractorrole"}}, {"model": "auth.permission", "pk": 57, "fields": {"name": "Can add main category", "content_type": 15, "codename": "add_maincategory"}}, {"model": "auth.permission", "pk": 58, "fields": {"name": "Can change main category", "content_type": 15, "codename": "change_maincategory"}}, {"model": "auth.permission", "pk": 59, "fields": {"name": "Can delete main category", "content_type": 15, "codename": "delete_maincategory"}}, {"model": "auth.permission", "pk": 60, "fields": {"name": "Can view main category", "content_type": 15, "codename": "view_maincategory"}}, {"model": "auth.permission", "pk": 61, "fields": {"name": "Can add staff", "content_type": 16, "codename": "add_staff"}}, {"model": "auth.permission", "pk": 62, "fields": {"name": "Can change staff", "content_type": 16, "codename": "change_staff"}}, {"model": "auth.permission", "pk": 63, "fields": {"name": "Can delete staff", "content_type": 16, "codename": "delete_staff"}}, {"model": "auth.permission", "pk": 64, "fields": {"name": "Can view staff", "content_type": 16, "codename": "view_staff"}}, {"model": "auth.permission", "pk": 65, "fields": {"name": "Can add sub category", "content_type": 17, "codename": "add_subcategory"}}, {"model": "auth.permission", "pk": 66, "fields": {"name": "Can change sub category", "content_type": 17, "codename": "change_subcategory"}}, {"model": "auth.permission", "pk": 67, "fields": {"name": "Can delete sub category", "content_type": 17, "codename": "delete_subcategory"}}, {"model": "auth.permission", "pk": 68, "fields": {"name": "Can view sub category", "content_type": 17, "codename": "view_subcategory"}}, {"model": "auth.permission", "pk": 69, "fields": {"name": "Can add person", "content_type": 18, "codename": "add_person"}}, {"model": "auth.permission", "pk": 70, "fields": {"name": "Can change person", "content_type": 18, "codename": "change_person"}}, {"model": "auth.permission", "pk": 71, "fields": {"name": "Can delete person", "content_type": 18, "codename": "delete_person"}}, {"model": "auth.permission", "pk": 72, "fields": {"name": "Can view person", "content_type": 18, "codename": "view_person"}}, {"model": "auth.permission", "pk": 73, "fields": {"name": "Can add publications", "content_type": 19, "codename": "add_publications"}}, {"model": "auth.permission", "pk": 74, "fields": {"name": "Can change publications", "content_type": 19, "codename": "change_publications"}}, {"model": "auth.permission", "pk": 75, "fields": {"name": "Can delete publications", "content_type": 19, "codename": "delete_publications"}}, {"model": "auth.permission", "pk": 76, "fields": {"name": "Can view publications", "content_type": 19, "codename": "view_publications"}}, {"model": "auth.permission", "pk": 77, "fields": {"name": "Can add board member", "content_type": 20, "codename": "add_boardmember"}}, {"model": "auth.permission", "pk": 78, "fields": {"name": "Can change board member", "content_type": 20, "codename": "change_boardmember"}}, {"model": "auth.permission", "pk": 79, "fields": {"name": "Can delete board member", "content_type": 20, "codename": "delete_boardmember"}}, {"model": "auth.permission", "pk": 80, "fields": {"name": "Can view board member", "content_type": 20, "codename": "view_boardmember"}}, {"model": "auth.permission", "pk": 81, "fields": {"name": "Can add people", "content_type": 21, "codename": "add_people"}}, {"model": "auth.permission", "pk": 82, "fields": {"name": "Can change people", "content_type": 21, "codename": "change_people"}}, {"model": "auth.permission", "pk": 83, "fields": {"name": "Can delete people", "content_type": 21, "codename": "delete_people"}}, {"model": "auth.permission", "pk": 84, "fields": {"name": "Can view people", "content_type": 21, "codename": "view_people"}}, {"model": "auth.user", "pk": 1, "fields": {"password": "pbkdf2_sha256$1200000$oHckgysl7tTTN0GiGXEaWL$EBXeqKExbOcgh86WR6dCiTW0sagFLBhKKVQVVQH/SeY=", "last_login": "2026-01-20T12:28:08.168Z", "is_superuser": true, "username": "seer", "first_name": "", "last_name": "", "email": "christianowusu44@gmail.com", "is_staff": true, "is_active": true, "date_joined": "2025-12-18T14:09:40.253Z", "groups": [], "user_permissions": []}}, {"model": "contenttypes.contenttype", "pk": 1, "fields": {"app_label": "admin", "model": "logentry"}}, {"model": "contenttypes.contenttype", "pk": 2, "fields": {"app_label": "auth", "model": "group"}}, {"model": "contenttypes.contenttype", "pk": 3, "fields": {"app_label": "auth", "model": "permission"}}, {"model": "contenttypes.contenttype", "pk": 4, "fields": {"app_label": "auth", "model": "user"}}, {"model": "contenttypes.contenttype", "pk": 5, "fields": {"app_label": "contenttypes", "model": "contenttype"}}, {"model": "contenttypes.contenttype", "pk": 6, "fields": {"app_label": "sessions", "model": "session"}}, {"model": "contenttypes.contenttype", "pk": 7, "fields": {"app_label": "frontend", "model": "project"}}, {"model": "contenttypes.contenttype", "pk": 8, "fields": {"app_label": "frontend", "model": "projectcategory"}}, {"model": "contenttypes.contenttype", "pk": 9, "fields": {"app_label": "frontend", "model": "projectimage"}}, {"model": "contenttypes.contenttype", "pk": 10, "fields": {"app_label": "frontend", "model": "projectleader"}}, {"model": "contenttypes.contenttype", "pk": 11, "fields": {"app_label": "frontend", "model": "projectaward"}}, {"model": "contenttypes.contenttype", "pk": 12, "fields": {"app_label": "frontend", "model": "projectteammember"}}, {"model": "contenttypes.contenttype", "pk": 13, "fields": {"app_label": "frontend", "model": "contractorrole"}}, {"model": "contenttypes.contenttype", "pk": 14, "fields": {"app_label": "frontend", "model": "projectcontractor"}}, {"model": "contenttypes.contenttype", "pk": 15, "fields": {"app_label": "frontend", "model": "maincategory"}}, {"model": "contenttypes.contenttype", "pk": 16, "fields": {"app_label": "frontend", "model": "staff"}}, {"model": "contenttypes.contenttype", "pk": 17, "fields": {"app_label": "frontend", "model": "subcategory"}}, {"model": "contenttypes.contenttype", "pk": 18, "fields": {"app_label": "frontend", "model": "person"}}, {"model": "contenttypes.contenttype", "pk": 19, "fields": {"app_label": "frontend", "model": "publications"}}, {"model": "contenttypes.contenttype", "pk": 20, "fields": {"app_label": "frontend", "model": "boardmember"}}, {"model": "contenttypes.contenttype", "pk": 21, "fields": {"app_label": "frontend", "model": "people"}}, {"model": "sessions.session", "pk": "48sia2u8ir06a3yfu145f7kfdzsmrlgh", "fields": {"session_data": ".eJxVjLEOwjAMRP8lM4pKMLHNyM43RHaTkgJKpKadEP9OK3WA7XTv3b1NkGXOYWlpCmM0F3M0h99OpX-msoH4kHKvtq9lnka1m2J32uytxvS67u7fQZaW1zUAIuNAESkpejgpKSicqUN1axbHoJTAA7MCoXgXtXM6ABAJe_P5AsprNz4:1vgli1:6wcg-ykLb7Cu8eoSFrgxABRpnojeBc8wsG_xUTxKB3A", "expire_date": "2026-01-30T15:25:57.060Z"}}, {"model": "sessions.session", "pk": "b6r3a0aasuj4sl7te0wrrul1ukhtlr8s", "fields": {"session_data": ".eJxVjLEOwjAMRP8lM4pKMLHNyM43RHaTkgJKpKadEP9OK3WA7XTv3b1NkGXOYWlpCmM0F3M0h99OpX-msoH4kHKvtq9lnka1m2J32uytxvS67u7fQZaW1zUAIuNAESkpejgpKSicqUN1axbHoJTAA7MCoXgXtXM6ABAJe_P5AsprNz4:1viAq8:RvuKeS3BKazwHgbV_neLsDDIEYhBUx7-YQ90GwXXhHA", "expire_date": "2026-02-03T12:28:08.175Z"}}, {"model": "sessions.session", "pk": "kojzevrivmye8cuimuiywqg5nzp8pqhz", "fields": {"session_data": ".eJxVjLEOwjAMRP8lM4pKMLHNyM43RHaTkgJKpKadEP9OK3WA7XTv3b1NkGXOYWlpCmM0F3M0h99OpX-msoH4kHKvtq9lnka1m2J32uytxvS67u7fQZaW1zUAIuNAESkpejgpKSicqUN1axbHoJTAA7MCoXgXtXM6ABAJe_P5AsprNz4:1vbPpZ:BUXIX_2j47w5YzCMm_wu3PdE2cfJdC1op4KEh7Vp4dI", "expire_date": "2026-01-15T21:03:37.394Z"}}, {"model": "sessions.session", "pk": "ml3xo1vdu5q5b5iupgj97zpsbgtz1o64", "fields": {"session_data": ".eJxVjLEOwjAMRP8lM4pKMLHNyM43RHaTkgJKpKadEP9OK3WA7XTv3b1NkGXOYWlpCmM0F3M0h99OpX-msoH4kHKvtq9lnka1m2J32uytxvS67u7fQZaW1zUAIuNAESkpejgpKSicqUN1axbHoJTAA7MCoXgXtXM6ABAJe_P5AsprNz4:1vhRE9:E_hOnKzANO0FrtzedmR7nmOEekbBeARMlMH0RYlzESI", "expire_date": "2026-02-01T11:45:53.720Z"}}, {"model": "sessions.session", "pk": "n0qpujlwg1hk4lli7f0o1hlapuq298sl", "fields": {"session_data": ".eJxVjLEOwjAMRP8lM4pKMLHNyM43RHaTkgJKpKadEP9OK3WA7XTv3b1NkGXOYWlpCmM0F3M0h99OpX-msoH4kHKvtq9lnka1m2J32uytxvS67u7fQZaW1zUAIuNAESkpejgpKSicqUN1axbHoJTAA7MCoXgXtXM6ABAJe_P5AsprNz4:1vWEhX:QaXjdm8RDkwiSoiAriT7nQkC7pixBW9gwBZ_9SFyx84", "expire_date": "2026-01-01T14:09:55.059Z"}}, {"model": "frontend.projectcategory", "pk": 1, "fields": {"name": "Civic and Culture", "slug": "civic"}}, {"model": "frontend.projectcategory", "pk": 2, "fields": {"name": "Office Retail and Mixed - Use", "slug": "office"}}, {"model": "frontend.projectcategory", "pk": 3, "fields": {"name": "Landscapes, Planning and Survey", "slug": "Planning"}}, {"model": "frontend.projectcategory", "pk": 4, "fields": {"name": "Industrial and Infrastructure", "slug": "industrial"}}, {"model": "frontend.projectcategory", "pk": 5, "fields": {"name": "Residential", "slug": "housing"}}, {"model": "frontend.projectleader", "pk": 1, "fields": {"full_name": "Arc. E. Otchere-Darko"}}, {"model": "frontend.projectleader", "pk": 2, "fields": {"full_name": "Ing. Yeboah Ntumi"}}, {"model": "frontend.projectleader", "pk": 3, "fields": {"full_name": "Ing. Mike Eghan"}}, {"model": "frontend.projectleader", "pk": 4, "fields": {"full_name": "Surv. Robert Abugre"}}, {"model": "frontend.projectleader", "pk": 5, "fields": {"full_name": "Arc. Rexford Amoako"}}, {"model": "frontend.projectleader", "pk": 6, "fields": {"full_name": "Ing. Mike Addo"}}, {"model": "frontend.projectleader", "pk": 7, "fields": {"full_name": "Arc. L. Wright-Hanson"}}, {"model": "frontend.projectleader", "pk": 8, "fields": {"full_name": "Surv. Patrick Fiadjoe"}}, {"model": "frontend.projectleader", "pk": 9, "fields": {"full_name": "Ing. Dickson Hormeku"}}, {"model": "frontend.projectleader", "pk": 10, "fields": {"full_name": "Arc. Walter Semordzi"}}, {"model": "frontend.projectleader", "pk": 11, "fields": {"full_name": "Arc. Basil Akushey"}}, {"model": "frontend.projectleader", "pk": 12, "fields": {"full_name": "Arc. William Addo"}}, {"model": "frontend.projectleader", "pk": 13, "fields": {"full_name": "Arc. Isaac Agyei Marfo"}}, {"model": "frontend.projectleader", "pk": 14, "fields": {"full_name": "Surv. Paul K. Ansong"}}, {"model": "frontend.projectleader", "pk": 15, "fields": {"full_name": "Mike Addo"}}, {"model": "frontend.projectteammember", "pk": 1, "fields": {"full_name": "Arc. E. Otchere-Darko"}}, {"model": "frontend.projectteammember", "pk": 2, "fields": {"full_name": "Ing. Yeboah Ntumi"}}, {"model": "frontend.projectteammember", "pk": 3, "fields": {"full_name": "Ing. Mike Eghan"}}, {"model": "frontend.projectteammember", "pk": 4, "fields": {"full_name": "Mike Addo"}}, {"model": "frontend.projectteammember", "pk": 5, "fields": {"full_name": "Surv. Eric A. Atindoo"}}, {"model": "frontend.projectteammember", "pk": 6, "fields": {"full_name": "Surv. Joseph Appoh"}}, {"model": "frontend.projectteammember", "pk": 7, "fields": {"full_name": "Surv. Robert Abugre"}}, {"model": "frontend.projectteammember", "pk": 8, "fields": {"full_name": "Arc. Rexford Amoako"}}, {"model": "frontend.projectteammember", "pk": 9, "fields": {"full_name": "Ing. Mike Addo Timothy"}}, {"model": "frontend.projectteammember", "pk": 10, "fields": {"full_name": "T. Tekpertey"}}, {"model": "frontend.projectteammember", "pk": 11, "fields": {"full_name": "Godwin Gyan"}}, {"model": "frontend.projectteammember", "pk": 12, "fields": {"full_name": "Isaac Kotey"}}, {"model": "frontend.projectteammember", "pk": 13, "fields": {"full_name": "Samuel Yaw Akoto"}}, {"model": "frontend.projectteammember", "pk": 14, "fields": {"full_name": "Ing. C.N. Adigvom"}}, {"model": "frontend.projectteammember", "pk": 15, "fields": {"full_name": "Ing. Gloria Kunutsor"}}, {"model": "frontend.projectteammember", "pk": 16, "fields": {"full_name": "Emml Adjetey Ala"}}, {"model": "frontend.projectteammember", "pk": 17, "fields": {"full_name": "Ing. Nana Darkoa Caesar"}}, {"model": "frontend.projectteammember", "pk": 18, "fields": {"full_name": "Mr.Paul E. Donto"}}, {"model": "frontend.projectteammember", "pk": 19, "fields": {"full_name": "Mr. Emmanuel Ampofo"}}, {"model": "frontend.projectteammember", "pk": 20, "fields": {"full_name": "Timothy T. Tekpertey"}}, {"model": "frontend.projectteammember", "pk": 21, "fields": {"full_name": "George Hayibor"}}, {"model": "frontend.projectteammember", "pk": 22, "fields": {"full_name": "Engr. Bethvelyn Blah"}}, {"model": "frontend.projectteammember", "pk": 23, "fields": {"full_name": "Mr. Emmanuel A. Danquah"}}, {"model": "frontend.projectteammember", "pk": 24, "fields": {"full_name": "Mr. Michael Okyere"}}, {"model": "frontend.projectteammember", "pk": 25, "fields": {"full_name": "Mr. John Vorodam"}}, {"model": "frontend.projectteammember", "pk": 26, "fields": {"full_name": "Surv. Ebenezer Tetteh-Glove"}}, {"model": "frontend.projectteammember", "pk": 27, "fields": {"full_name": "Anthony Rockson"}}, {"model": "frontend.project", "pk": 1, "fields": {"title": "Regional Police Command Administration Block", "client": "Ghana Police Service", "location": "New Regional Capitals", "picture": "projects/main_pictures/1_0.jpg", "little_text_details": "The Construction of 1 No. 3-storey Regional Police Command Administration Block is being constructed for six newly created regions, including Goaso-Ahafo, Nalerigu - NorthEast, Dambai - Oti, Damongo-Savannah, and Sefwi Wiawso-Western North.\r\nIt includes conference halls and offices, canteen, detention rooms etc.", "project_coordinator": "Regional Team", "total_floor_area": "543 m2", "start_date": "2022-07-01", "completed_date": null, "job_sheets": "English", "certificate": "", "category": 1, "created_at": "2025-12-18T14:33:21.142Z", "project_leaders": [1, 2, 3], "other_team_members": [1, 2, 3, 4, 5, 6]}}, {"model": "frontend.project", "pk": 2, "fields": {"title": "Proposed Regional Coordinating Council Administration Block", "client": "New Regional Capitals", "location": "Accra", "picture": "projects/main_pictures/00.PNG", "little_text_details": "The RCC administration block is being constructed for six newly created regions, including Goaso-Ahafo, Nalerigu - NorthEast, Dambai - Oti, Damongo-Savannah, and Sefwi Wiawso-Western North.\r\nAs the regional capital, it houses all RCC departments and state institutions to ensure effective and efficient administration, it includs conference halls, meeting rooms, canteens, and store rooms.", "project_coordinator": "Arc. Walter", "total_floor_area": "3,457 m2", "start_date": "2019-01-01", "completed_date": "2023-12-01", "job_sheets": "English", "certificate": "Ghana Standards Authority, Environmental Protection Agency", "category": 1, "created_at": "2026-01-16T16:22:18.572Z", "project_leaders": [4, 5, 6], "other_team_members": [7, 8, 9, 10, 11, 12, 13, 14, 15, 16]}}, {"model": "frontend.project", "pk": 3, "fields": {"title": "The Law House", "client": "Office of the Attorney General & Ministry of Justice", "location": "Accra", "picture": "projects/main_pictures/construction_3.jpg", "little_text_details": "The construction of 10-Storey and 2 tier basement parking Law House, Accra is the initiative of the Ministry of Justice and Attorney General to provide spaces for office accommodation for all its departments and agencies for the delivery of quality legal service to the government and the people of Ghana.", "project_coordinator": "Head Office - AESL", "total_floor_area": "3,457 m2", "start_date": "2026-01-15", "completed_date": "2024-10-01", "job_sheets": "English", "certificate": "Ghana Standards Authority, Environmental Protection Agency", "category": 2, "created_at": "2026-01-16T18:16:41.892Z", "project_leaders": [7, 8, 9], "other_team_members": [17, 18, 19, 20, 21, 22, 23, 24, 25]}}, {"model": "frontend.project", "pk": 4, "fields": {"title": "Appiatse Redevelopment Scheme", "client": "Ministry of Lands and Natural Resources", "location": "Appiatse - Western Region", "picture": "projects/main_pictures/00.jpg", "little_text_details": "The Appiatse Redevelopment Scheme is a government-constructed housing project designed by AESL to provide housing units for residents affected by the explosion in the community, ranging from 1 bedroom to 7-bedroom units.\r\nThe project aims to create a sustainable and resilient community by incorporating modern design principles and environmentally friendly practices.\r\nThe Appiatse Redevelopment Scheme is a testament to AESL's commitment to social responsibility and community development.", "project_coordinator": "Head Office - AESL", "total_floor_area": "m2", "start_date": "2026-01-21", "completed_date": "2024-10-21", "job_sheets": "English", "certificate": ".", "category": 3, "created_at": "2026-01-21T21:50:50.454Z", "project_leaders": [10, 11, 12], "other_team_members": [26, 27]}}, {"model": "frontend.project", "pk": 5, "fields": {"title": "Construction of Foundry and Tooling Centre", "client": "Ministry of Environment, Science, Technology and Innovation (MESTI)  Total Floor Area", "location": "Accra", "picture": "projects/main_pictures/00.jpeg", "little_text_details": "Due to the President of Ghanas drive to industrialise the country, the Ministry for Science, Technology and Innovation (MESTI) led by the then minister Prof. Frimpong Boateng developed the idea of putting up a foundry and tooling centre in the national capital Accra.\r\nA joint partnership between AESL and Macdons became necessary to leverage expertise for the design and supervision of the Construction of a Foundry, Tooling Centre and Ancillary Services for training and to develop all agricultural tools and many other tools including manhole covers, pump parts, machine parts, vehicle parts etc.\r\nThe Foundry and Tooling Centre is expected to boost local manufacturing and reduce the countrys dependence on imported tools and machinery.", "project_coordinator": "AESL, MacDons", "total_floor_area": "m2", "start_date": "2022-07-21", "completed_date": null, "job_sheets": "English", "certificate": ".", "category": 4, "created_at": "2026-01-21T22:02:57.705Z", "project_leaders": [13, 14, 15], "other_team_members": [7]}}, {"model": "frontend.project", "pk": 6, "fields": {"title": "Saglemi Housing", "client": "Government of Ghana", "location": "Accra - Aflao Rd, Accra", "picture": "projects/main_pictures/00_xASPggE.jpg", "little_text_details": "AESL was engaged to represent the interest of the Government of Ghana (GoG) in the supervision and construction of the Saglemi Housing project in the effort to provide mass housing to reduce the housing deficit. The project is located along the Accra-Aflao road and is approximately 40 kilometers from the Accra Central Business District (CBD). The project when completed will provide about 5,000 housing units of various types including 2-bedroom, 3-bedroom, and 4-bedroom houses.\r\nAESL was engaged to represent the interest of the Government of Ghana (GoG) in the supervision and construction of the Saglemi Housing project in the effort to provide mass housing to reduce the housing deficit. The project is located along the Accra-Aflao road and is approximately 40 kilometers from the Accra Central Business District (CBD). The project when completed will provide about 5,000 housing units of various types including 2-bedroom, 3-bedroom, and 4-bedroom houses.\r\nAESL was engaged to represent the interest of the Government of Ghana (GoG) in the supervision and construction of the Saglemi Housing project in the effort to provide mass housing to reduce the housing deficit. The project is located along the Accra-Aflao road and is approximately 40 kilometers from the Accra Central Business District (CBD). The project when completed will provide about 5,000 housing units of various types including 2-bedroom, 3-bedroom, and 4-bedroom houses.", "project_coordinator": "Head Office - AESL", "total_floor_area": "m2", "start_date": "2012-10-21", "completed_date": null, "job_sheets": "English", "certificate": "", "category": 5, "created_at": "2026-01-21T22:06:20.977Z", "project_leaders": [10], "other_team_members": [9]}}, {"model": "frontend.projectaward", "pk": 1, "fields": {"project": 1, "year": 2008, "award_name": "Golden Award for Stars", "awarded_by": "Golden Gate", "website": "https://www.awards.gh/aeslbuilds_new-aswrldffg", "created_at": "2025-12-19T15:11:54.448Z"}}, {"model": "frontend.projectaward", "pk": 2, "fields": {"project": 1, "year": 2024, "award_name": "Centenary Award Africa Architecture Awards", "awarded_by": "Centenary", "website": "https://www.awards.gh/aeslbuilds_new-aswrldffg", "created_at": "2025-12-19T15:13:01.840Z"}}, {"model": "frontend.projectaward", "pk": 3, "fields": {"project": 1, "year": 2018, "award_name": "Engineering and Construction Awards KDA Design Technologies", "awarded_by": "KDA Design Technologies", "website": "https://www.awards.gh/aeslbuilds_new-aswrldffg", "created_at": "2025-12-19T15:13:53.850Z"}}, {"model": "frontend.projectaward", "pk": 4, "fields": {"project": 2, "year": 2008, "award_name": "Golden Award for Stars", "awarded_by": "Golden Gate", "website": "https://www.awards.gh/aeslbuilds_new-aswrldffg", "created_at": "2026-01-16T16:22:18.582Z"}}, {"model": "frontend.projectaward", "pk": 5, "fields": {"project": 2, "year": 2024, "award_name": "Centenary Award", "awarded_by": "Africa Architecture Awards", "website": "https://www.awards.gh/aeslbuilds_new-aswrldffg", "created_at": "2026-01-16T16:22:18.582Z"}}, {"model": "frontend.projectaward", "pk": 6, "fields": {"project": 2, "year": 2018, "award_name": "Engineering and Construction Awards", "awarded_by": "KDA Design Technologies", "website": "https://www.awards.gh/aeslbuilds_new-aswrldffg", "created_at": "2026-01-16T16:22:18.582Z"}}, {"model": "frontend.projectaward", "pk": 7, "fields": {"project": 3, "year": 2008, "award_name": "Golden Award for Stars", "awarded_by": "Golden Gate", "website": "https://www.awards.gh/aeslbuilds_new-aswrldffg", "created_at": "2026-01-16T18:16:41.914Z"}}, {"model": "frontend.projectaward", "pk": 8, "fields": {"project": 3, "year": 2024, "award_name": "Centenary Award", "awarded_by": "Africa Architecture Awards", "website": "https://www.awards.gh/aeslbuilds_new-aswrldffg", "created_at": "2026-01-16T18:16:41.915Z"}}, {"model": "frontend.projectaward", "pk": 9, "fields": {"project": 3, "year": 2018, "award_name": "Engineering and Construction Awards", "awarded_by": "KDA Design Technologies", "website": "https://www.awards.gh/aeslbuilds_new-aswrldffg", "created_at": "2026-01-16T18:16:41.915Z"}}, {"model": "frontend.projectaward", "pk": 10, "fields": {"project": 4, "year": 0, "award_name": "award", "awarded_by": "by", "website": "http://google.com", "created_at": "2026-01-21T21:50:50.528Z"}}, {"model": "frontend.projectaward", "pk": 11, "fields": {"project": 5, "year": 0, "award_name": "0", "awarded_by": "0", "website": "http://google.com", "created_at": "2026-01-21T22:02:57.713Z"}}, {"model": "frontend.projectaward", "pk": 12, "fields": {"project": 6, "year": 0, "award_name": "0", "awarded_by": "0", "website": "http://google.com", "created_at": "2026-01-21T22:06:20.981Z"}}, {"model": "frontend.projectimage", "pk": 1, "fields": {"project": 1, "image": "projects/gallery/1_6_-_Photo.jpg", "image_type": "project", "uploaded_at": "2025-12-18T14:33:21.146Z"}}, {"model": "frontend.projectimage", "pk": 2, "fields": {"project": 1, "image": "projects/gallery/1_1a.jpg", "image_type": "project", "uploaded_at": "2025-12-18T14:33:21.147Z"}}, {"model": "frontend.projectimage", "pk": 3, "fields": {"project": 1, "image": "projects/gallery/1_8_-_Photo.jpg", "image_type": "project", "uploaded_at": "2025-12-18T14:33:21.147Z"}}, {"model": "frontend.projectimage", "pk": 4, "fields": {"project": 1, "image": "projects/gallery/1_7_-_Photo.jpg", "image_type": "project", "uploaded_at": "2025-12-18T14:33:21.147Z"}}, {"model": "frontend.projectimage", "pk": 5, "fields": {"project": 1, "image": "projects/gallery/1_5_-_Photo.jpg", "image_type": "project", "uploaded_at": "2025-12-18T14:33:21.148Z"}}, {"model": "frontend.projectimage", "pk": 6, "fields": {"project": 1, "image": "projects/gallery/1_4_-_Photo.jpg", "image_type": "project", "uploaded_at": "2025-12-18T14:33:21.148Z"}}, {"model": "frontend.projectimage", "pk": 7, "fields": {"project": 1, "image": "projects/gallery/1_3_-_Photo.jpg", "image_type": "project", "uploaded_at": "2025-12-18T14:33:21.149Z"}}, {"model": "frontend.projectimage", "pk": 9, "fields": {"project": 1, "image": "projects/gallery/1_1_-_Photo.jpg", "image_type": "project", "uploaded_at": "2025-12-18T14:33:21.150Z"}}, {"model": "frontend.projectimage", "pk": 10, "fields": {"project": 1, "image": "projects/gallery/PHOTO-2024-09-07-21-11-211.jpg", "image_type": "construction", "uploaded_at": "2025-12-18T14:33:21.150Z"}}, {"model": "frontend.projectimage", "pk": 12, "fields": {"project": 1, "image": "projects/gallery/PHOTO-2024-09-07-21-11-213.jpg", "image_type": "construction", "uploaded_at": "2025-12-18T14:33:21.151Z"}}, {"model": "frontend.projectimage", "pk": 14, "fields": {"project": 1, "image": "projects/gallery/PHOTO-2024-09-07-21-11-215.jpg", "image_type": "construction", "uploaded_at": "2025-12-18T14:33:21.152Z"}}, {"model": "frontend.projectimage", "pk": 15, "fields": {"project": 1, "image": "projects/gallery/PHOTO-2024-09-07-21-11-216.jpg", "image_type": "construction", "uploaded_at": "2025-12-18T14:33:21.152Z"}}, {"model": "frontend.projectimage", "pk": 16, "fields": {"project": 1, "image": "projects/gallery/PHOTO-2024-09-07-21-11-217.jpg", "image_type": "construction", "uploaded_at": "2025-12-18T14:33:21.152Z"}}, {"model": "frontend.projectimage", "pk": 17, "fields": {"project": 1, "image": "projects/gallery/PHOTO-2024-09-07-21-11-218.jpg", "image_type": "construction", "uploaded_at": "2025-12-18T14:33:21.153Z"}}, {"model": "frontend.projectimage", "pk": 20, "fields": {"project": 1, "image": "projects/gallery/PHOTO-2024-01-30-14-56-221.jpg", "image_type": "construction", "uploaded_at": "2025-12-18T14:33:21.154Z"}}, {"model": "frontend.projectimage", "pk": 21, "fields": {"project": 1, "image": "projects/gallery/PHOTO-2024-01-30-14-56-222.jpg", "image_type": "construction", "uploaded_at": "2025-12-18T14:33:21.154Z"}}, {"model": "frontend.projectimage", "pk": 22, "fields": {"project": 1, "image": "projects/gallery/PHOTO-2024-01-30-14-56-223.jpg", "image_type": "construction", "uploaded_at": "2025-12-18T14:33:21.155Z"}}, {"model": "frontend.projectimage", "pk": 23, "fields": {"project": 1, "image": "projects/gallery/PHOTO-2024-01-30-14-56-224.jpg", "image_type": "construction", "uploaded_at": "2025-12-18T14:33:21.155Z"}}, {"model": "frontend.projectimage", "pk": 25, "fields": {"project": 1, "image": "projects/gallery/PHOTO-2024-01-30-14-56-23.jpg", "image_type": "construction", "uploaded_at": "2025-12-18T14:33:21.156Z"}}, {"model": "frontend.projectimage", "pk": 26, "fields": {"project": 2, "image": "projects/gallery/rendering_10.jpg", "image_type": "project_3d_visualizations", "uploaded_at": "2026-01-16T16:22:18.577Z"}}, {"model": "frontend.projectimage", "pk": 27, "fields": {"project": 2, "image": "projects/gallery/rendering_7.jpg", "image_type": "project_3d_visualizations", "uploaded_at": "2026-01-16T16:22:18.578Z"}}, {"model": "frontend.projectimage", "pk": 28, "fields": {"project": 2, "image": "projects/gallery/rendering_6.jpg", "image_type": "project_3d_visualizations", "uploaded_at": "2026-01-16T16:22:18.578Z"}}, {"model": "frontend.projectimage", "pk": 29, "fields": {"project": 2, "image": "projects/gallery/rendering_5.jpg", "image_type": "project_3d_visualizations", "uploaded_at": "2026-01-16T16:22:18.579Z"}}, {"model": "frontend.projectimage", "pk": 30, "fields": {"project": 2, "image": "projects/gallery/rendering_4.jpeg", "image_type": "project_3d_visualizations", "uploaded_at": "2026-01-16T16:22:18.579Z"}}, {"model": "frontend.projectimage", "pk": 31, "fields": {"project": 2, "image": "projects/gallery/rendering_3.jpg", "image_type": "project_3d_visualizations", "uploaded_at": "2026-01-16T16:22:18.580Z"}}, {"model": "frontend.projectimage", "pk": 32, "fields": {"project": 2, "image": "projects/gallery/rendering_2.png", "image_type": "project_3d_visualizations", "uploaded_at": "2026-01-16T16:22:18.580Z"}}, {"model": "frontend.projectimage", "pk": 33, "fields": {"project": 2, "image": "projects/gallery/rendering_0.jpg", "image_type": "project_3d_visualizations", "uploaded_at": "2026-01-16T16:22:18.581Z"}}, {"model": "frontend.projectimage", "pk": 34, "fields": {"project": 2, "image": "projects/gallery/rendering_1.png", "image_type": "project_3d_visualizations", "uploaded_at": "2026-01-16T16:22:18.581Z"}}, {"model": "frontend.projectimage", "pk": 35, "fields": {"project": 3, "image": "projects/gallery/rendering_0_nOXf226.jpg", "image_type": "project_3d_visualizations", "uploaded_at": "2026-01-16T18:16:41.902Z"}}, {"model": "frontend.projectimage", "pk": 36, "fields": {"project": 3, "image": "projects/gallery/rendering_1.jpg", "image_type": "project_3d_visualizations", "uploaded_at": "2026-01-16T18:16:41.905Z"}}, {"model": "frontend.projectimage", "pk": 37, "fields": {"project": 3, "image": "projects/gallery/construction_0.jpg", "image_type": "construction", "uploaded_at": "2026-01-16T18:16:41.907Z"}}, {"model": "frontend.projectimage", "pk": 38, "fields": {"project": 3, "image": "projects/gallery/construction_1.jpg", "image_type": "construction", "uploaded_at": "2026-01-16T18:16:41.908Z"}}, {"model": "frontend.projectimage", "pk": 39, "fields": {"project": 3, "image": "projects/gallery/construction_2.jpg", "image_type": "construction", "uploaded_at": "2026-01-16T18:16:41.909Z"}}, {"model": "frontend.projectimage", "pk": 40, "fields": {"project": 3, "image": "projects/gallery/construction_3.jpg", "image_type": "construction", "uploaded_at": "2026-01-16T18:16:41.910Z"}}, {"model": "frontend.projectimage", "pk": 41, "fields": {"project": 3, "image": "projects/gallery/construction_4.jpg", "image_type": "construction", "uploaded_at": "2026-01-16T18:16:41.911Z"}}, {"model": "frontend.projectimage", "pk": 42, "fields": {"project": 3, "image": "projects/gallery/construction_5.jpg", "image_type": "construction", "uploaded_at": "2026-01-16T18:16:41.912Z"}}, {"model": "frontend.projectimage", "pk": 43, "fields": {"project": 3, "image": "projects/gallery/construction_6.jpg", "image_type": "construction", "uploaded_at": "2026-01-16T18:16:41.913Z"}}, {"model": "frontend.projectimage", "pk": 44, "fields": {"project": 4, "image": "projects/gallery/25.jpg", "image_type": "construction", "uploaded_at": "2026-01-21T21:50:50.461Z"}}, {"model": "frontend.projectimage", "pk": 45, "fields": {"project": 4, "image": "projects/gallery/24.jpg", "image_type": "construction", "uploaded_at": "2026-01-21T21:50:50.463Z"}}, {"model": "frontend.projectimage", "pk": 46, "fields": {"project": 4, "image": "projects/gallery/23.jpg", "image_type": "construction", "uploaded_at": "2026-01-21T21:50:50.467Z"}}, {"model": "frontend.projectimage", "pk": 47, "fields": {"project": 4, "image": "projects/gallery/22.jpg", "image_type": "construction", "uploaded_at": "2026-01-21T21:50:50.469Z"}}, {"model": "frontend.projectimage", "pk": 48, "fields": {"project": 4, "image": "projects/gallery/21.jpg", "image_type": "construction", "uploaded_at": "2026-01-21T21:50:50.479Z"}}, {"model": "frontend.projectimage", "pk": 49, "fields": {"project": 4, "image": "projects/gallery/20.jpg", "image_type": "construction", "uploaded_at": "2026-01-21T21:50:50.482Z"}}, {"model": "frontend.projectimage", "pk": 50, "fields": {"project": 4, "image": "projects/gallery/19.jpg", "image_type": "construction", "uploaded_at": "2026-01-21T21:50:50.487Z"}}, {"model": "frontend.projectimage", "pk": 51, "fields": {"project": 4, "image": "projects/gallery/18.jpg", "image_type": "construction", "uploaded_at": "2026-01-21T21:50:50.490Z"}}, {"model": "frontend.projectimage", "pk": 52, "fields": {"project": 4, "image": "projects/gallery/17.jpg", "image_type": "construction", "uploaded_at": "2026-01-21T21:50:50.493Z"}}, {"model": "frontend.projectimage", "pk": 53, "fields": {"project": 4, "image": "projects/gallery/16.jpg", "image_type": "construction", "uploaded_at": "2026-01-21T21:50:50.499Z"}}, {"model": "frontend.projectimage", "pk": 54, "fields": {"project": 4, "image": "projects/gallery/15.jpg", "image_type": "construction", "uploaded_at": "2026-01-21T21:50:50.500Z"}}, {"model": "frontend.projectimage", "pk": 55, "fields": {"project": 4, "image": "projects/gallery/14.jpg", "image_type": "construction", "uploaded_at": "2026-01-21T21:50:50.502Z"}}, {"model": "frontend.projectimage", "pk": 56, "fields": {"project": 4, "image": "projects/gallery/13.jpg", "image_type": "construction", "uploaded_at": "2026-01-21T21:50:50.507Z"}}, {"model": "frontend.projectimage", "pk": 57, "fields": {"project": 4, "image": "projects/gallery/12.jpg", "image_type": "construction", "uploaded_at": "2026-01-21T21:50:50.510Z"}}, {"model": "frontend.projectimage", "pk": 58, "fields": {"project": 4, "image": "projects/gallery/11.jpg", "image_type": "construction", "uploaded_at": "2026-01-21T21:50:50.516Z"}}, {"model": "frontend.projectimage", "pk": 59, "fields": {"project": 4, "image": "projects/gallery/10.jpg", "image_type": "construction", "uploaded_at": "2026-01-21T21:50:50.518Z"}}, {"model": "frontend.projectimage", "pk": 60, "fields": {"project": 4, "image": "projects/gallery/09.jpg", "image_type": "construction", "uploaded_at": "2026-01-21T21:50:50.519Z"}}, {"model": "frontend.projectimage", "pk": 61, "fields": {"project": 4, "image": "projects/gallery/08.jpg", "image_type": "construction", "uploaded_at": "2026-01-21T21:50:50.520Z"}}, {"model": "frontend.projectimage", "pk": 62, "fields": {"project": 4, "image": "projects/gallery/07.jpg", "image_type": "construction", "uploaded_at": "2026-01-21T21:50:50.521Z"}}, {"model": "frontend.projectimage", "pk": 63, "fields": {"project": 4, "image": "projects/gallery/06.jpg", "image_type": "construction", "uploaded_at": "2026-01-21T21:50:50.522Z"}}, {"model": "frontend.projectimage", "pk": 64, "fields": {"project": 4, "image": "projects/gallery/05.jpg", "image_type": "construction", "uploaded_at": "2026-01-21T21:50:50.523Z"}}, {"model": "frontend.projectimage", "pk": 65, "fields": {"project": 4, "image": "projects/gallery/04.jpg", "image_type": "construction", "uploaded_at": "2026-01-21T21:50:50.524Z"}}, {"model": "frontend.projectimage", "pk": 66, "fields": {"project": 4, "image": "projects/gallery/03.jpg", "image_type": "construction", "uploaded_at": "2026-01-21T21:50:50.525Z"}}, {"model": "frontend.projectimage", "pk": 67, "fields": {"project": 4, "image": "projects/gallery/02.jpg", "image_type": "construction", "uploaded_at": "2026-01-21T21:50:50.526Z"}}, {"model": "frontend.projectimage", "pk": 68, "fields": {"project": 4, "image": "projects/gallery/01.jpg", "image_type": "construction", "uploaded_at": "2026-01-21T21:50:50.528Z"}}, {"model": "frontend.projectimage", "pk": 69, "fields": {"project": 5, "image": "projects/gallery/construction_7.jpeg", "image_type": "construction", "uploaded_at": "2026-01-21T22:02:57.708Z"}}, {"model": "frontend.projectimage", "pk": 70, "fields": {"project": 5, "image": "projects/gallery/construction_6.jpeg", "image_type": "construction", "uploaded_at": "2026-01-21T22:02:57.709Z"}}, {"model": "frontend.projectimage", "pk": 71, "fields": {"project": 5, "image": "projects/gallery/construction_5.jpeg", "image_type": "construction", "uploaded_at": "2026-01-21T22:02:57.710Z"}}, {"model": "frontend.projectimage", "pk": 72, "fields": {"project": 5, "image": "projects/gallery/construction_4.jpeg", "image_type": "construction", "uploaded_at": "2026-01-21T22:02:57.711Z"}}, {"model": "frontend.projectimage", "pk": 73, "fields": {"project": 5, "image": "projects/gallery/construction_3.jpeg", "image_type": "construction", "uploaded_at": "2026-01-21T22:02:57.711Z"}}, {"model": "frontend.projectimage", "pk": 74, "fields": {"project": 5, "image": "projects/gallery/construction_2.jpeg", "image_type": "construction", "uploaded_at": "2026-01-21T22:02:57.712Z"}}, {"model": "frontend.projectimage", "pk": 75, "fields": {"project": 5, "image": "projects/gallery/construction_1.jpeg", "image_type": "construction", "uploaded_at": "2026-01-21T22:02:57.712Z"}}, {"model": "frontend.projectimage", "pk": 76, "fields": {"project": 5, "image": "projects/gallery/construction_0.jpeg", "image_type": "construction", "uploaded_at": "2026-01-21T22:02:57.713Z"}}, {"model": "frontend.projectimage", "pk": 77, "fields": {"project": 6, "image": "projects/gallery/00.jpg", "image_type": "construction", "uploaded_at": "2026-01-21T22:06:20.980Z"}}, {"model": "frontend.contractorrole", "pk": 1, "fields": {"name": "General Contractor"}}, {"model": "frontend.contractorrole", "pk": 2, "fields": {"name": "Electrical Contractors"}}, {"model": "frontend.contractorrole", "pk": 3, "fields": {"name": "Mechanical Contractors"}}, {"model": "frontend.contractorrole", "pk": 4, "fields": {"name": "Plumbing Contractors"}}, {"model": "frontend.contractorrole", "pk": 5, "fields": {"name": "Facade Contractors"}}, {"model": "frontend.projectcontractor", "pk": 1, "fields": {"project": 1, "role": 1, "company_name": "Kuku"}}, {"model": "frontend.projectcontractor", "pk": 2, "fields": {"project": 1, "role": 2, "company_name": "Ohemaa"}}, {"model": "frontend.projectcontractor", "pk": 3, "fields": {"project": 1, "role": 4, "company_name": "J&K"}}, {"model": "frontend.projectcontractor", "pk": 4, "fields": {"project": 1, "role": 5, "company_name": "WERT"}}, {"model": "frontend.projectcontractor", "pk": 5, "fields": {"project": 2, "role": 1, "company_name": "Supreme"}}, {"model": "frontend.projectcontractor", "pk": 6, "fields": {"project": 2, "role": 2, "company_name": "Kuku"}}, {"model": "frontend.projectcontractor", "pk": 7, "fields": {"project": 2, "role": 3, "company_name": "Mankind"}}, {"model": "frontend.projectcontractor", "pk": 8, "fields": {"project": 2, "role": 4, "company_name": "Uncle"}}, {"model": "frontend.projectcontractor", "pk": 9, "fields": {"project": 3, "role": 1, "company_name": "Supreme"}}, {"model": "frontend.projectcontractor", "pk": 10, "fields": {"project": 3, "role": 2, "company_name": "Kuku"}}, {"model": "frontend.projectcontractor", "pk": 11, "fields": {"project": 3, "role": 3, "company_name": "..."}}, {"model": "frontend.projectcontractor", "pk": 12, "fields": {"project": 3, "role": 4, "company_name": "Uncle"}}, {"model": "frontend.projectcontractor", "pk": 13, "fields": {"project": 4, "role": 3, "company_name": "."}}, {"model": "frontend.projectcontractor", "pk": 14, "fields": {"project": 5, "role": 2, "company_name": "."}}, {"model": "frontend.projectcontractor", "pk": 15, "fields": {"project": 6, "role": 1, "company_name": "a"}}, {"model": "frontend.maincategory", "pk": 1, "fields": {"name": "Heads of Departments"}}, {"model": "frontend.maincategory", "pk": 2, "fields": {"name": "Regional Consultants"}}, {"model": "frontend.subcategory", "pk": 1, "fields": {"main_category": 1, "name": "Architecture and Planning"}}, {"model": "frontend.subcategory", "pk": 9, "fields": {"main_category": 1, "name": "Administrative"}}, {"model": "frontend.subcategory", "pk": 13, "fields": {"main_category": 2, "name": "Regional Dept."}}, {"model": "frontend.subcategory", "pk": 22, "fields": {"main_category": 1, "name": "Engineering"}}, {"model": "frontend.staff", "pk": 1, "fields": {"sub_category": 1, "name": "Arc. Basil Akushey", "image": "staff_images/Arc._Basil_A._Akushey_1.jpg", "grade": "Architecture", "region": "Not a Regional Head", "email": "basil.akushey@aesl.gov.gh", "description": "This department is responsible for delivering excellence in architecture within AESL. Content can be expanded with real copy when available.\r\n\r\nFor more information about AESL management and services, please explore related sections."}}, {"model": "frontend.staff", "pk": 9, "fields": {"sub_category": 9, "name": "Ibrahim Jibril", "image": "staff_images/Mr._Ibrahim_Jibril_Ag._DF.jpg", "grade": "Finance", "region": "Not a Regional Head", "email": "ibrahim.jibril@aesl.gov.gh", "description": "This department is responsible for delivering excellence in finance within AESL. Content can be expanded with real copy when available.\r\n\r\nFor more information about AESL management and services, please explore related sections."}}, {"model": "frontend.staff", "pk": 13, "fields": {"sub_category": 13, "name": "Ing. Frederick Owusu-Addo", "image": "staff_images/Ing._Frederick_Owusu-Addo.jpg", "grade": "Regional Dept.", "region": "Greater Accra", "email": "frederick.owusu-addo@aesl.gov.gh", "description": "The Regional Consultant for Greater Accra represents AESL within the region, coordinating projects and client engagement while maintaining quality and delivery standards.\r\n\r\nContent can be expanded with official copy when available. For now, this page provides a consistent layout and navigation pattern across management profiles."}}, {"model": "frontend.staff", "pk": 22, "fields": {"sub_category": 13, "name": "Arc. Betsy Owusu-Antwi (Mrs.)", "image": "staff_images/ARC._Betsy_Owusu-Antwi_Regional_consultant_Ashanti.jpg", "grade": "Regional Dept.", "region": "Ashanti", "email": "betsy.owusu-antwi@aesl.gov.gh", "description": "The Regional Consultant for Ashanti represents AESL within the region, coordinating projects and client engagement while maintaining quality and delivery standards.\r\n\r\nContent can be expanded with official copy when available. For now, this page provides a consistent layout and navigation pattern across management profiles."}}, {"model": "frontend.staff", "pk": 23, "fields": {"sub_category": 13, "name": "Surv. Eric Annan", "image": "staff_images/Surv._Eric_Annan.jpg", "grade": "Regional Dept.", "region": "Western / Western North", "email": "eric.annan@aesl.gov.gh", "description": "The Regional Consultant for Western / Western North represents AESL within the region, coordinating projects and client engagement while maintaining quality and delivery standards.\r\n\r\nContent can be expanded with official copy when available. For now, this page provides a consistent layout and navigation pattern across management profiles."}}, {"model": "frontend.staff", "pk": 24, "fields": {"sub_category": 13, "name": "Surv. Simon Sabakpo", "image": "staff_images/male_jMLE2iF.jpg", "grade": "Regional Dept.", "region": "Ahafo/ Bono/ Bono-East", "email": "simon.sabakpo@aesl.gov.gh", "description": "The Regional Consultant for Ahafo/ Bono/ Bono-East represents AESL within the region, coordinating projects and client engagement while maintaining quality and delivery standards.\r\n\r\nContent can be expanded with official copy when available. For now, this page provides a consistent layout and navigation pattern across management profiles."}}, {"model": "frontend.staff", "pk": 25, "fields": {"sub_category": 13, "name": "Arc. Amen Gbekor-Kove Jnr.", "image": "staff_images/Arc_8zoeQRX._Amen_Gbeckor-Kove-Volta.Oti_Region.jpg", "grade": "Regional Dept.", "region": "Volta / Oti", "email": "amen.gbekor-kove@aesl.gov.gh", "description": "The Regional Consultant for Volta / Oti represents AESL within the region, coordinating projects and client engagement while maintaining quality and delivery standards.\r\n\r\nContent can be expanded with official copy when available. For now, this page provides a consistent layout and navigation pattern across management profiles."}}, {"model": "frontend.staff", "pk": 26, "fields": {"sub_category": 13, "name": "Surv. Kwasi Gyebi-Ababio", "image": "staff_images/Surv._Kwasi_Gyebi_Ababio_Reg._Cons._CR.jpg", "grade": "Regional Dept.", "region": "Central", "email": "kwasi.gyebi-ababio@aesl.gov.gh", "description": "The Regional Consultant for Central represents AESL within the region, coordinating projects and client engagement while maintaining quality and delivery standards.\r\n\r\nContent can be expanded with official copy when available. For now, this page provides a consistent layout and navigation pattern across management profiles."}}, {"model": "frontend.staff", "pk": 27, "fields": {"sub_category": 13, "name": "Arc. Nana Kwame Amoateng-Mensah", "image": "staff_images/Arc._Nana_Kwame_Amoateng-Mensah.jpg", "grade": "Regional Dept.", "region": "Eastern", "email": "nana.amoateng-mensah@aesl.gov.gh", "description": "The Regional Consultant for Eastern represents AESL within the region, coordinating projects and client engagement while maintaining quality and delivery standards.\r\n\r\nContent can be expanded with official copy when available. For now, this page provides a consistent layout and navigation pattern across management profiles."}}, {"model": "frontend.staff", "pk": 28, "fields": {"sub_category": 13, "name": "Surv. Fidelis Apore", "image": "staff_images/Surv_3CuSnA4._Fidelis_Apori.jpg", "grade": "Regional Dept.", "region": "Upper East", "email": "fidelis.apore@aesl.gov.gh", "description": "The Regional Consultant for Upper East represents AESL within the region, coordinating projects and client engagement while maintaining quality and delivery standards.\r\n\r\nContent can be expanded with official copy when available. For now, this page provides a consistent layout and navigation pattern across management profiles"}}, {"model": "frontend.staff", "pk": 29, "fields": {"sub_category": 13, "name": "Arc. Salifu Abdul-Gafaru Abdulai", "image": "staff_images/Arc_JKue8BI._Abdulai_Abdul-Gafaru.jpg", "grade": "Regional Dept.", "region": "Upper West", "email": "salifu.abdul-gafaru.abdulai@aesl.gov.gh", "description": "The Regional Consultant for Upper West represents AESL within the region, coordinating projects and client engagement while maintaining quality and delivery standards.\r\n\r\nContent can be expanded with official copy when available. For now, this page provides a consistent layout and navigation pattern across management profiles."}}, {"model": "frontend.staff", "pk": 30, "fields": {"sub_category": 13, "name": "Surv. Isaac Agyei-Mensah", "image": "staff_images/SURV_bFyh1Kj._Isaac_Agyei-Mensah_Regional_Consultant_Northern.Savannah.North-EAST.jpg", "grade": "Regional Dept.", "region": "Northern/Savannah/North-East", "email": "isaac.agyei-mensah@aesl.gov.gh", "description": "The Regional Consultant for Northern/Savannah/North-East represents AESL within the region, coordinating projects and client engagement while maintaining quality and delivery standards.\r\n\r\nContent can be expanded with official copy when available. For now, this page provides a consistent layout and navigation pattern across management profiles."}}, {"model": "frontend.staff", "pk": 31, "fields": {"sub_category": 1, "name": "Surv. Sylvester Akuoko", "image": "staff_images/SURV._Sylvester_Akuoko_HoD_Land_Valuation.jpg", "grade": "Land Valuation", "region": "Not a Regional Head", "email": "sylvester.akuoko@aesl.gov.gh", "description": "This department is responsible for delivering excellence in land valuation within AESL. Content can be expanded with real copy when available.\r\n\r\nFor more information about AESL management and services, please explore related sections."}}, {"model": "frontend.staff", "pk": 32, "fields": {"sub_category": 1, "name": "Surv. Patrick Fiajoe", "image": "staff_images/Patrick_Fiajoe_HoD_Q.S..jpg", "grade": "Quantity Surveying", "region": "Not a Regional Head", "email": "patrick.fiajoe@aesl.gov.gh", "description": "This department is responsible for delivering excellence in quantity surveying within AESL. Content can be expanded with real copy when available.\r\n\r\nFor more information about AESL management and services, please explore related sections."}}, {"model": "frontend.staff", "pk": 33, "fields": {"sub_category": 1, "name": "Surv. Evans Boateng", "image": "staff_images/male_Qf6hjlc.jpg", "grade": "Land Surveying", "region": "Not a Regional Head", "email": "patrick.fiajoe@aesl.gov.gh", "description": "This department is responsible for delivering excellence in land surveying within AESL. Content can be expanded with real copy when available.\r\n\r\nFor more information about AESL management and services, please explore related sections."}}, {"model": "frontend.staff", "pk": 38, "fields": {"sub_category": 22, "name": "Ing. Gloria Kunutsor", "image": "staff_images/ING._Gloria_Kunutsor_Structral.jpg", "grade": "Structural", "region": "Not a Regional Head", "email": "gloria.kunutsor@aesl.gov.gh", "description": "This department is responsible for delivering excellence in structural within AESL. Content can be expanded with real copy when available.\r\n\r\nFor more information about AESL management and services, please explore related sections."}}, {"model": "frontend.staff", "pk": 39, "fields": {"sub_category": 22, "name": "Ing. Michael Addo", "image": "staff_images/male_NkT6bMT.jpg", "grade": "Installations", "region": "Not a Regional Head", "email": "michael.addo@aesl.gov.gh", "description": "This department is responsible for delivering excellence in installations within AESL. Content can be expanded with real copy when available.\r\n\r\nFor more information about AESL management and services, please explore related sections."}}, {"model": "frontend.staff", "pk": 40, "fields": {"sub_category": 22, "name": "Ing. Ebenezer Buertet Mac-Tetteh", "image": "staff_images/male_3OpgZkO.jpg", "grade": "Water", "region": "Not a Regional Head", "email": "ebenezer.mac-tetteh@aesl.gov.gh", "description": "This department is responsible for delivering excellence in water within AESL. Content can be expanded with real copy when available.\r\n\r\nFor more information about AESL management and services, please explore related sections."}}, {"model": "frontend.staff", "pk": 41, "fields": {"sub_category": 22, "name": "Ing. Joseph Kwasi Oddei", "image": "staff_images/male_QWcoELG.jpg", "grade": "Geotechnical", "region": "Not a Regional Head", "email": "joseph.oddei@aesl.gov.gh", "description": "This department is responsible for delivering excellence in geotechnical within AESL. Content can be expanded with real copy when available.\r\n\r\nFor more information about AESL management and services, please explore related sections."}}, {"model": "frontend.staff", "pk": 42, "fields": {"sub_category": 9, "name": "Harriet Bediako", "image": "staff_images/Harriet_Ansah_Mrs_s3NxC4l..jpg", "grade": "Director, HRMS", "region": "Not a Regional Head", "email": "harriet.bediako@aesl.gov.gh", "description": "This department is responsible for delivering excellence in director, hrms within AESL. Content can be expanded with real copy when available.\r\n\r\nFor more information about AESL management and services, please explore related sections."}}, {"model": "frontend.staff", "pk": 43, "fields": {"sub_category": 9, "name": "Arc. E. Otchere-Darko", "image": "staff_images/Emmanuel_Otchere-Darko_Kf3gq0R.jpg", "grade": "Information Technology", "region": "Not a Regional Head", "email": "emmanuel.otchere-darko@aesl.gov.gh", "description": "This department is responsible for delivering excellence in information technology within AESL. Content can be expanded with real copy when available.\r\n\r\nFor more information about AESL management and services, please explore related sections."}}, {"model": "frontend.staff", "pk": 44, "fields": {"sub_category": 9, "name": "Emmanuel Okoh Larbi", "image": "staff_images/Emmanuel_Kwasi_Okoh_Larbi_Internal_Audit_Head_OOi2hoa.jpg", "grade": "Internal Auditor", "region": "Not a Regional Head", "email": "emmanuel.larbi@aesl.gov.gh", "description": "This department is responsible for delivering excellence in internal auditor within AESL. Content can be expanded with real copy when available.\r\n\r\nFor more information about AESL management and services, please explore related sections."}}, {"model": "frontend.people", "pk": 1, "fields": {"name": "Aboor Desmond", "profile_picture": "people/Aboor_Desmond.jpg", "profession": "Professional", "department": "Professional", "facebook": "https://www.facebook.com", "twitter": "https://www.facebook.com", "linkedin": "https://www.facebook.com", "created_at": "2026-01-22T15:20:33.373Z"}}, {"model": "frontend.people", "pk": 2, "fields": {"name": "Emmanuel Kwasi Okoh Larbi", "profile_picture": "people/Emmanuel_Kwasi_Okoh_Larbi.JPG", "profession": "Professional", "department": "Professional", "facebook": "https://www.facebook.com", "twitter": "https://www.facebook.com", "linkedin": "https://www.facebook.com", "created_at": "2026-01-22T15:21:11.665Z"}}, {"model": "frontend.people", "pk": 3, "fields": {"name": "Emmanuel Kwasi Okoh Larbi", "profile_picture": "people/Emmanuel_Kwasi_Okoh_Larbi_I3WLPKd.JPG", "profession": "Professional", "department": "Professional", "facebook": "https://www.facebook.com", "twitter": "https://www.facebook.com", "linkedin": "https://www.facebook.com", "created_at": "2026-01-22T15:21:12.088Z"}}, {"model": "frontend.people", "pk": 4, "fields": {"name": "ING. FRANCIS FORSON..", "profile_picture": "people/ING._FRANCIS_FORSON...jpg", "profession": "Professionals", "department": "Professionals", "facebook": "https://www.facebook.com", "twitter": "https://www.facebook.com", "linkedin": "https://www.facebook.com", "created_at": "2026-01-22T15:21:42.881Z"}}, {"model": "frontend.people", "pk": 5, "fields": {"name": "Isaac Yieleh-Chireh", "profile_picture": "people/Isaac_Yieleh-Chireh.jpg", "profession": "Proffessionals", "department": "Proffessionals", "facebook": "https://www.facebook.com", "twitter": "https://www.facebook.com", "linkedin": "https://www.facebook.com", "created_at": "2026-01-22T15:22:13.742Z"}}, {"model": "frontend.people", "pk": 6, "fields": {"name": "Edem K. Dadadzogbor", "profile_picture": "people/Edem_K._Dadadzogbor.jpg", "profession": "Assistant Professional", "department": "Assistant Professional", "facebook": "https://www.google.com", "twitter": "https://www.google.com", "linkedin": "https://www.google.com", "created_at": "2026-01-22T18:53:15.852Z"}}, {"model": "frontend.people", "pk": 7, "fields": {"name": "Kamal Tijani", "profile_picture": "people/Kamal_Tijani.jpg", "profession": "Assistant Professional", "department": "Assistant Professional", "facebook": "https://www.google.com", "twitter": "https://www.google.com", "linkedin": "https://www.google.com", "created_at": "2026-01-22T18:53:53.634Z"}}, {"model": "frontend.people", "pk": 8, "fields": {"name": "Charles Dugble", "profile_picture": "people/people/Charles_Dugble.jpg", "profession": "Support team", "department": "Support team", "facebook": "https://www.google.com", "twitter": "https://www.google.com", "linkedin": "https://www.google.com", "created_at": "2026-01-22T19:25:42.414Z"}}, {"model": "frontend.people", "pk": 9, "fields": {"name": "Divine Adiku", "profile_picture": "people/people/Divine_Adiku.jpg", "profession": "Support team", "department": "Support team", "facebook": "https://www.google.com", "twitter": "https://www.google.com", "linkedin": "https://www.google.com", "created_at": "2026-01-22T19:26:13.015Z"}}, {"model": "frontend.people", "pk": 10, "fields": {"name": "Ernest Kofi Anyanumeh", "profile_picture": "people/people/Ernest_Kofi_Anyanumeh.jpg", "profession": "Support team", "department": "Support team", "facebook": "https://www.google.com", "twitter": "https://www.google.com", "linkedin": "https://www.google.com", "created_at": "2026-01-22T19:26:42.867Z"}}, {"model": "frontend.people", "pk": 11, "fields": {"name": "Grace Mensah", "profile_picture": "people/people/Grace_Mensah.jpg", "profession": "Support team", "department": "Support team", "facebook": "https://www.google.com", "twitter": "https://www.google.com", "linkedin": "https://www.google.com", "created_at": "2026-01-22T19:27:08.734Z"}}, {"model": "frontend.people", "pk": 12, "fields": {"name": "Hannah Addo", "profile_picture": "people/people/Hannah_Addo.jpg", "profession": "Support team", "department": "Support team", "facebook": "https://www.google.com", "twitter": "https://www.google.com", "linkedin": "https://www.google.com", "created_at": "2026-01-22T19:27:27.614Z"}}, {"model": "frontend.people", "pk": 13, "fields": {"name": "Jonathan Brown", "profile_picture": "people/people/Jonathan_Brown.jpg", "profession": "Support team", "department": "Support team", "facebook": "https://www.google.com", "twitter": "https://www.google.com", "linkedin": "https://www.google.com", "created_at": "2026-01-22T19:27:55.826Z"}}, {"model": "frontend.people", "pk": 14, "fields": {"name": "Joshua Gbedebu", "profile_picture": "people/people/Joshua_Gbedebu.jpg", "profession": "Support team", "department": "Support team", "facebook": "https://www.google.com", "twitter": "https://www.google.com", "linkedin": "https://www.google.com", "created_at": "2026-01-22T19:28:19.633Z"}}, {"model": "frontend.people", "pk": 15, "fields": {"name": "Madam Claudia Peguu", "profile_picture": "people/people/Madam_Claudia_Peguu.jpg", "profession": "Support team", "department": "Support team", "facebook": "https://www.google.com", "twitter": "https://www.google.com", "linkedin": "https://www.google.com", "created_at": "2026-01-22T19:28:44.804Z"}}, {"model": "frontend.people", "pk": 16, "fields": {"name": "Madam Kyileyang Christiana", "profile_picture": "people/people/Madam_Kyileyang_Christiana.jpg", "profession": "Support team", "department": "Support team", "facebook": "https://www.google.com", "twitter": "https://www.google.com", "linkedin": "https://www.google.com", "created_at": "2026-01-22T19:29:03.949Z"}}, {"model": "frontend.people", "pk": 17, "fields": {"name": "Mr. Abubakari Saaka", "profile_picture": "people/people/Mr._Abubakari_Saaka.jpg", "profession": "Support team", "department": "Support team", "facebook": "https://www.google.com", "twitter": "https://www.google.com", "linkedin": "https://www.google.com", "created_at": "2026-01-22T19:29:32.168Z"}}, {"model": "frontend.people", "pk": 18, "fields": {"name": "Mr. Aditanga Jacob", "profile_picture": "people/people/Mr._Aditanga_Jacob.jpg", "profession": "Support team", "department": "Support team", "facebook": "https://www.google.com", "twitter": "https://www.google.com", "linkedin": "https://www.google.com", "created_at": "2026-01-22T19:29:56.327Z"}}, {"model": "frontend.people", "pk": 19, "fields": {"name": "Mr. Amadu Musah", "profile_picture": "people/people/Mr._Amadu_Musah.jpg", "profession": "Support team", "department": "Support team", "facebook": "https://www.google.com", "twitter": "https://www.google.com", "linkedin": "https://www.google.com", "created_at": "2026-01-22T19:30:24.750Z"}}, {"model": "frontend.people", "pk": 20, "fields": {"name": "Mr. Frank Kwabena Okyere", "profile_picture": "people/people/Mr._Frank_Kwabena_Okyere.png", "profession": "Support team", "department": "Support team", "facebook": "https://www.google.com", "twitter": "https://www.google.com", "linkedin": "https://www.google.com", "created_at": "2026-01-22T19:30:56.947Z"}}, {"model": "frontend.people", "pk": 21, "fields": {"name": "Mr. Philip Kudenu", "profile_picture": "people/people/people/Mr._Philip_Kudenu.jpg", "profession": "Support team", "department": "Support team", "facebook": "https://www.google.com", "twitter": "https://www.google.com", "linkedin": "https://www.google.com", "created_at": "2026-01-22T19:31:19.143Z"}}, {"model": "frontend.people", "pk": 22, "fields": {"name": "Mr. Zakaria", "profile_picture": "people/people/people/Mr._Zakaria.jpg", "profession": "Support team", "department": "Support team", "facebook": "https://www.google.com", "twitter": "https://www.google.com", "linkedin": "https://www.google.com", "created_at": "2026-01-22T19:31:49.017Z"}}, {"model": "frontend.people", "pk": 23, "fields": {"name": "Nana Yaw Quainoo", "profile_picture": "people/people/people/Nana_Yaw_Quainoo.jpg", "profession": "Support team", "department": "Support team", "facebook": "https://www.google.com", "twitter": "https://www.google.com", "linkedin": "https://www.google.com", "created_at": "2026-01-22T19:32:24.169Z"}}, {"model": "frontend.people", "pk": 24, "fields": {"name": "Richard Alentis", "profile_picture": "people/people/people/Richard_Alentis.jpg", "profession": "Support team", "department": "Support team", "facebook": "https://www.google.com", "twitter": "https://www.google.com", "linkedin": "https://www.google.com", "created_at": "2026-01-22T19:32:46.064Z"}}, {"model": "frontend.people", "pk": 25, "fields": {"name": "Samuel Dorgbetor", "profile_picture": "people/people/people/Samuel_Dorgbetor.jpg", "profession": "Support team", "department": "Support team", "facebook": "https://www.google.com", "twitter": "https://www.google.com", "linkedin": "https://www.google.com", "created_at": "2026-01-22T19:33:06.433Z"}}, {"model": "frontend.people", "pk": 26, "fields": {"name": "Shaddrack K. Addo", "profile_picture": "people/people/people/Shaddrack_K._Addo.jpg", "profession": "Support team", "department": "Support team", "facebook": "https://www.google.com", "twitter": "https://www.google.com", "linkedin": "https://www.google.com", "created_at": "2026-01-22T19:33:23.622Z"}}, {"model": "frontend.people", "pk": 27, "fields": {"name": "Victor Dogbatse", "profile_picture": "people/people/people/Victor_Dogbatse.jpg", "profession": "Support team", "department": "Support team", "facebook": "https://www.google.com", "twitter": "https://www.google.com", "linkedin": "https://www.google.com", "created_at": "2026-01-22T19:33:44.722Z"}}, {"model": "frontend.publications", "pk": 1, "fields": {"title": "Guidance on Building Information Modelling (BIM) practices.2022", "type": "Technical Reports  2022", "author": "BIM Implementation Guideline Technical Reports ", "download": "publications/KWWWW.pdf", "publication_image": "publications/images/technical_report_tvdr1st.png"}}, {"model": "frontend.publications", "pk": 2, "fields": {"title": "Recommended approaches and standards for geospatial surveys.", "type": "Technical Reports  2021", "author": "Geospatial Survey Methods (2021 Edition)", "download": "publications/KWWWW_KMrdfKq.pdf", "publication_image": "publications/images/technical_report.png"}}, {"model": "frontend.publications", "pk": 3, "fields": {"title": "Audited financial statements and management discussion for FY2023.", "type": "Financial Reports  2023", "author": "Financial Report 2023", "download": "publications/REPORT_AND_FINANCIAL_STATEMENTS_31st_DECEMBER_2022.pdf", "publication_image": "publications/images/finacial.png"}}, {"model": "frontend.publications", "pk": 4, "fields": {"title": "Audited financial statements for FY2022.", "type": "Financial Reports  2022", "author": "Financial Report 2022", "download": "publications/REPORT_AND_FINANCIAL_STATEMENTS_31st_DECEMBER_2022_5l7qZcj.pdf", "publication_image": "publications/images/finacial_ozYjPYC.png"}}, {"model": "frontend.publications", "pk": 5, "fields": {"title": "Article exploring current sustainable architecture and engineering practices.", "type": "Articles  2024", "author": "Sustainable Design Trends in Ghana (Q1 2024)", "download": "publications/KWWWW_0hwNWJp.pdf", "publication_image": "publications/images/article_MhNanWL.png"}}, {"model": "frontend.publications", "pk": 6, "fields": {"title": "A look at strategies for low-emission urban mobility.", "type": "Articles  2024", "author": "Sustainable Urban Transport  Q2 2024", "download": "publications/KWWWW_jIs92lL.pdf", "publication_image": "publications/images/article.png"}}, {"model": "frontend.publications", "pk": 7, "fields": {"title": "Urban Water Infrastructure Resilience", "type": "White Papers  2024", "author": "Strategies to strengthen resilience in urban water systems.", "download": "publications/KWWWW_KMrdfKq_bwGfqA4.pdf", "publication_image": "publications/images/IMG_4018.JPG.jpeg"}}, {"model": "frontend.publications", "pk": 8, "fields": {"title": "Affordable Housing Framework (2023)", "type": "White Papers  2023", "author": "Policy and design considerations for affordable housing.", "download": "publications/KWWWW_6ULmroY.pdf", "publication_image": "publications/images/IMG_4018_0DjEGEM.JPG.jpeg"}}, {"model": "frontend.publications", "pk": 9, "fields": {"title": "Review: Recent Hospitality Projects (2025)", "type": "Reviews  2025", "author": "An independent assessment of selected hospitality projects.", "download": "publications/KWWWW_KMrdfKq_K2Fmpsx.pdf", "publication_image": "publications/images/IMG_4017_WFuPx8x.JPG.jpeg"}}, {"model": "frontend.publications", "pk": 10, "fields": {"title": "Review: Education Projects (2023)", "type": "Reviews  2023", "author": "Key insights from school infrastructure projects.", "download": "publications/KWWWW_KMrdfKq_8J2oLIP.pdf", "publication_image": "publications/images/IMG_4017.JPG.jpeg"}}, {"model": "frontend.boardmember", "pk": 1, "fields": {"name": "Rev. Osei Yaw Stephen", "image": "board_members/board-member-01_D8I0aoC.jpeg", "position": "Board Member", "about": "non vitae ducimus molestias dolorum ratione odit cumque harum inventore fugit dignissimos aliquam alias perspiciatis maxime reiciendis tenetur debitis magnam", "linkedin": "https://www.linkedin.com/", "twitter": "https://www.linkedin.com/", "created_at": "2026-01-20T13:02:39.486Z"}}, {"model": "frontend.boardmember", "pk": 2, "fields": {"name": "Prof. De- Graft Owusu Manu", "image": "board_members/board-member-02.jpeg", "position": "Board Member", "about": "non vitae ducimus molestias dolorum ratione odit cumque harum inventore fugit dignissimos aliquam alias perspiciatis maxime reiciendis tenetur debitis magnam", "linkedin": "https://www.linkedin.com/", "twitter": "https://www.linkedin.com/", "created_at": "2026-01-20T13:07:07.362Z"}}, {"model": "frontend.boardmember", "pk": 3, "fields": {"name": "Arc. Agyei Marfo Isaac", "image": "board_members/board-member-03.jpeg", "position": "Board Member/MD", "about": "non vitae ducimus molestias dolorum ratione odit cumque harum inventore fugit dignissimos aliquam alias perspiciatis maxime reiciendis tenetur debitis magnam", "linkedin": "https://www.linkedin.com/", "twitter": "https://www.linkedin.com/", "created_at": "2026-01-20T13:07:47.230Z"}}, {"model": "frontend.boardmember", "pk": 4, "fields": {"name": "Mad. Asamoah Susana", "image": "board_members/board-member-04.jpg", "position": "Board Member", "about": "non vitae ducimus molestias dolorum ratione odit cumque harum inventore fugit dignissimos aliquam alias perspiciatis maxime reiciendis tenetur debitis magnam", "linkedin": "https://www.linkedin.com/", "twitter": "https://www.linkedin.com/", "created_at": "2026-01-20T13:08:24.500Z"}}, {"model": "frontend.boardmember", "pk": 5, "fields": {"name": "Mr. Basco A. Kante", "image": "board_members/board-member-05.jpg", "position": "Board Member", "about": "non vitae ducimus molestias dolorum ratione odit cumque harum inventore fugit dignissimos aliquam alias perspiciatis maxime reiciendis tenetur debitis magnam", "linkedin": "https://www.linkedin.com/", "twitter": "https://www.linkedin.com/", "created_at": "2026-01-20T13:09:01.980Z"}}, {"model": "frontend.boardmember", "pk": 6, "fields": {"name": "Hon. Dakoa Newman (MP)", "image": "board_members/board-member-06.jpg", "position": "Board Member", "about": "non vitae ducimus molestias dolorum ratione odit cumque harum inventore fugit dignissimos aliquam alias perspiciatis maxime reiciendis tenetur debitis magnam", "linkedin": "https://www.linkedin.com/", "twitter": "https://www.linkedin.com/", "created_at": "2026-01-20T13:09:50.443Z"}}, {"model": "frontend.boardmember", "pk": 7, "fields": {"name": ".", "image": "board_members/board_members/WhatsApp_Image_2026-01-21_at_11.22.07_AM.jpeg", "position": "Board Member", "about": "lorem ipsum", "linkedin": "https://google.com", "twitter": "https://google.com", "created_at": "2026-01-22T21:18:07.569Z"}}, {"model": "frontend.boardmember", "pk": 8, "fields": {"name": "..", "image": "board_members/WhatsApp_Image_2026-01-21_at_11.21.15_AM.jpeg", "position": "Board Member", "about": "Lorem ipsum", "linkedin": "https://google.com", "twitter": "https://google.com", "created_at": "2026-01-22T21:18:54.442Z"}}, {"model": "frontend.boardmember", "pk": 9, "fields": {"name": "...", "image": "board_members/WhatsApp_Image_2026-01-09_at_12.28.50_PM.jpeg", "position": "Board Member", "about": "Lorem Ipsum", "linkedin": "http://www.google.com", "twitter": "http://www.google.com", "created_at": "2026-01-23T15:21:10.319Z"}}]
